2026-03-15T10:18:18.559+0100 [DEBUG] [org.gradle.launcher.daemon.bootstrap.DaemonMain] Assuming the daemon was started with following jvm opts: [-Xmx2048m, -Dfile.encoding=UTF-8, -Duser.country=ES, -Duser.language=es, -Duser.variant]
2026-03-15T10:18:18.671+0100 [DEBUG] [org.gradle.internal.remote.internal.inet.InetAddresses] Adding IP addresses for network interface Realtek PCIe GbE Family Controller-WFP Native MAC Layer LightWeight Filter-0000
2026-03-15T10:18:18.672+0100 [DEBUG] [org.gradle.internal.remote.internal.inet.InetAddresses] Is this a loopback interface? false
2026-03-15T10:18:18.672+0100 [DEBUG] [org.gradle.internal.remote.internal.inet.InetAddresses] Adding IP addresses for network interface Realtek PCIe GbE Family Controller-QoS Packet Scheduler-0000
2026-03-15T10:18:18.686+0100 [DEBUG] [org.gradle.internal.remote.internal.inet.InetAddresses] Is this a loopback interface? false
2026-03-15T10:18:18.686+0100 [DEBUG] [org.gradle.internal.remote.internal.inet.InetAddresses] Adding IP addresses for network interface Realtek PCIe GbE Family Controller-WFP 802.3 MAC Layer LightWeight Filter-0000
2026-03-15T10:18:18.686+0100 [DEBUG] [org.gradle.internal.remote.internal.inet.InetAddresses] Is this a loopback interface? false
2026-03-15T10:18:18.686+0100 [DEBUG] [org.gradle.internal.remote.internal.inet.InetAddresses] Adding IP addresses for network interface WAN Miniport (IP)-WFP Native MAC Layer LightWeight Filter-0000
2026-03-15T10:18:18.686+0100 [DEBUG] [org.gradle.internal.remote.internal.inet.InetAddresses] Is this a loopback interface? false
2026-03-15T10:18:18.687+0100 [DEBUG] [org.gradle.internal.remote.internal.inet.InetAddresses] Adding IP addresses for network interface WAN Miniport (IP)-QoS Packet Scheduler-0000
2026-03-15T10:18:18.687+0100 [DEBUG] [org.gradle.internal.remote.internal.inet.InetAddresses] Is this a loopback interface? false
2026-03-15T10:18:18.687+0100 [DEBUG] [org.gradle.internal.remote.internal.inet.InetAddresses] Adding IP addresses for network interface WAN Miniport (IPv6)-WFP Native MAC Layer LightWeight Filter-0000
2026-03-15T10:18:18.687+0100 [DEBUG] [org.gradle.internal.remote.internal.inet.InetAddresses] Is this a loopback interface? false
2026-03-15T10:18:18.687+0100 [DEBUG] [org.gradle.internal.remote.internal.inet.InetAddresses] Adding IP addresses for network interface WAN Miniport (IPv6)-QoS Packet Scheduler-0000
2026-03-15T10:18:18.687+0100 [DEBUG] [org.gradle.internal.remote.internal.inet.InetAddresses] Is this a loopback interface? false
2026-03-15T10:18:18.687+0100 [DEBUG] [org.gradle.internal.remote.internal.inet.InetAddresses] Adding IP addresses for network interface WAN Miniport (Network Monitor)-WFP Native MAC Layer LightWeight Filter-0000
2026-03-15T10:18:18.688+0100 [DEBUG] [org.gradle.internal.remote.internal.inet.InetAddresses] Is this a loopback interface? false
2026-03-15T10:18:18.688+0100 [DEBUG] [org.gradle.internal.remote.internal.inet.InetAddresses] Adding IP addresses for network interface WAN Miniport (Network Monitor)-QoS Packet Scheduler-0000
2026-03-15T10:18:18.688+0100 [DEBUG] [org.gradle.internal.remote.internal.inet.InetAddresses] Is this a loopback interface? false
2026-03-15T10:18:18.688+0100 [DEBUG] [org.gradle.internal.remote.internal.inet.InetAddresses] Adding IP addresses for network interface Realtek PCIe GbE Family Controller
2026-03-15T10:18:18.688+0100 [DEBUG] [org.gradle.internal.remote.internal.inet.InetAddresses] Is this a loopback interface? false
2026-03-15T10:18:18.688+0100 [DEBUG] [org.gradle.internal.remote.internal.inet.InetAddresses] Adding remote address /fe80:0:0:0:3629:cd38:e893:a345%ethernet_32768
2026-03-15T10:18:18.688+0100 [DEBUG] [org.gradle.internal.remote.internal.inet.InetAddresses] Adding IP addresses for network interface Microsoft Kernel Debug Network Adapter
2026-03-15T10:18:18.688+0100 [DEBUG] [org.gradle.internal.remote.internal.inet.InetAddresses] Is this a loopback interface? false
2026-03-15T10:18:18.689+0100 [DEBUG] [org.gradle.internal.remote.internal.inet.InetAddresses] Adding IP addresses for network interface WAN Miniport (IP)
2026-03-15T10:18:18.689+0100 [DEBUG] [org.gradle.internal.remote.internal.inet.InetAddresses] Is this a loopback interface? false
2026-03-15T10:18:18.689+0100 [DEBUG] [org.gradle.internal.remote.internal.inet.InetAddresses] Adding IP addresses for network interface WAN Miniport (IPv6)
2026-03-15T10:18:18.689+0100 [DEBUG] [org.gradle.internal.remote.internal.inet.InetAddresses] Is this a loopback interface? false
2026-03-15T10:18:18.689+0100 [DEBUG] [org.gradle.internal.remote.internal.inet.InetAddresses] Adding IP addresses for network interface WAN Miniport (Network Monitor)
2026-03-15T10:18:18.689+0100 [DEBUG] [org.gradle.internal.remote.internal.inet.InetAddresses] Is this a loopback interface? false
2026-03-15T10:18:18.689+0100 [DEBUG] [org.gradle.internal.remote.internal.inet.InetAddresses] Adding IP addresses for network interface Bluetooth Device (Personal Area Network)
2026-03-15T10:18:18.690+0100 [DEBUG] [org.gradle.internal.remote.internal.inet.InetAddresses] Is this a loopback interface? false
2026-03-15T10:18:18.690+0100 [DEBUG] [org.gradle.internal.remote.internal.inet.InetAddresses] Adding remote address /fe80:0:0:0:41dc:bc0c:b44d:c9ae%ethernet_32773
2026-03-15T10:18:18.690+0100 [DEBUG] [org.gradle.internal.remote.internal.inet.InetAddresses] Adding IP addresses for network interface Remote NDIS Compatible Device
2026-03-15T10:18:18.690+0100 [DEBUG] [org.gradle.internal.remote.internal.inet.InetAddresses] Is this a loopback interface? false
2026-03-15T10:18:18.691+0100 [DEBUG] [org.gradle.internal.remote.internal.inet.InetAddresses] Adding IP addresses for network interface WAN Miniport (PPPOE)
2026-03-15T10:18:18.691+0100 [DEBUG] [org.gradle.internal.remote.internal.inet.InetAddresses] Is this a loopback interface? false
2026-03-15T10:18:18.691+0100 [DEBUG] [org.gradle.internal.remote.internal.inet.InetAddresses] Adding IP addresses for network interface Software Loopback Interface 1
2026-03-15T10:18:18.691+0100 [DEBUG] [org.gradle.internal.remote.internal.inet.InetAddresses] Is this a loopback interface? true
2026-03-15T10:18:18.691+0100 [DEBUG] [org.gradle.internal.remote.internal.inet.InetAddresses] Adding loopback address /0:0:0:0:0:0:0:1
2026-03-15T10:18:18.691+0100 [DEBUG] [org.gradle.internal.remote.internal.inet.InetAddresses] Adding loopback address /127.0.0.1
2026-03-15T10:18:18.691+0100 [DEBUG] [org.gradle.internal.remote.internal.inet.InetAddresses] Adding IP addresses for network interface Intel(R) Wi-Fi 6E AX211 160MHz-WFP Native MAC Layer LightWeight Filter-0000
2026-03-15T10:18:18.691+0100 [DEBUG] [org.gradle.internal.remote.internal.inet.InetAddresses] Is this a loopback interface? false
2026-03-15T10:18:18.691+0100 [DEBUG] [org.gradle.internal.remote.internal.inet.InetAddresses] Adding IP addresses for network interface Intel(R) Wi-Fi 6E AX211 160MHz-Virtual WiFi Filter Driver-0000
2026-03-15T10:18:18.691+0100 [DEBUG] [org.gradle.internal.remote.internal.inet.InetAddresses] Is this a loopback interface? false
2026-03-15T10:18:18.692+0100 [DEBUG] [org.gradle.internal.remote.internal.inet.InetAddresses] Adding IP addresses for network interface Intel(R) Wi-Fi 6E AX211 160MHz-Native WiFi Filter Driver-0000
2026-03-15T10:18:18.692+0100 [DEBUG] [org.gradle.internal.remote.internal.inet.InetAddresses] Is this a loopback interface? false
2026-03-15T10:18:18.692+0100 [DEBUG] [org.gradle.internal.remote.internal.inet.InetAddresses] Adding IP addresses for network interface Intel(R) Wi-Fi 6E AX211 160MHz-QoS Packet Scheduler-0000
2026-03-15T10:18:18.692+0100 [DEBUG] [org.gradle.internal.remote.internal.inet.InetAddresses] Is this a loopback interface? false
2026-03-15T10:18:18.692+0100 [DEBUG] [org.gradle.internal.remote.internal.inet.InetAddresses] Adding IP addresses for network interface Intel(R) Wi-Fi 6E AX211 160MHz-WFP 802.3 MAC Layer LightWeight Filter-0000
2026-03-15T10:18:18.692+0100 [DEBUG] [org.gradle.internal.remote.internal.inet.InetAddresses] Is this a loopback interface? false
2026-03-15T10:18:18.693+0100 [DEBUG] [org.gradle.internal.remote.internal.inet.InetAddresses] Adding IP addresses for network interface Microsoft Wi-Fi Direct Virtual Adapter-WFP Native MAC Layer LightWeight Filter-0000
2026-03-15T10:18:18.693+0100 [DEBUG] [org.gradle.internal.remote.internal.inet.InetAddresses] Is this a loopback interface? false
2026-03-15T10:18:18.693+0100 [DEBUG] [org.gradle.internal.remote.internal.inet.InetAddresses] Adding IP addresses for network interface Microsoft Wi-Fi Direct Virtual Adapter-Native WiFi Filter Driver-0000
2026-03-15T10:18:18.694+0100 [DEBUG] [org.gradle.internal.remote.internal.inet.InetAddresses] Is this a loopback interface? false
2026-03-15T10:18:18.694+0100 [DEBUG] [org.gradle.internal.remote.internal.inet.InetAddresses] Adding IP addresses for network interface Microsoft Wi-Fi Direct Virtual Adapter-QoS Packet Scheduler-0000
2026-03-15T10:18:18.694+0100 [DEBUG] [org.gradle.internal.remote.internal.inet.InetAddresses] Is this a loopback interface? false
2026-03-15T10:18:18.694+0100 [DEBUG] [org.gradle.internal.remote.internal.inet.InetAddresses] Adding IP addresses for network interface Microsoft Wi-Fi Direct Virtual Adapter-WFP 802.3 MAC Layer LightWeight Filter-0000
2026-03-15T10:18:18.694+0100 [DEBUG] [org.gradle.internal.remote.internal.inet.InetAddresses] Is this a loopback interface? false
2026-03-15T10:18:18.694+0100 [DEBUG] [org.gradle.internal.remote.internal.inet.InetAddresses] Adding IP addresses for network interface Microsoft Wi-Fi Direct Virtual Adapter #2-WFP Native MAC Layer LightWeight Filter-0000
2026-03-15T10:18:18.694+0100 [DEBUG] [org.gradle.internal.remote.internal.inet.InetAddresses] Is this a loopback interface? false
2026-03-15T10:18:18.694+0100 [DEBUG] [org.gradle.internal.remote.internal.inet.InetAddresses] Adding IP addresses for network interface Microsoft Wi-Fi Direct Virtual Adapter #2-Native WiFi Filter Driver-0000
2026-03-15T10:18:18.695+0100 [DEBUG] [org.gradle.internal.remote.internal.inet.InetAddresses] Is this a loopback interface? false
2026-03-15T10:18:18.695+0100 [DEBUG] [org.gradle.internal.remote.internal.inet.InetAddresses] Adding IP addresses for network interface Microsoft Wi-Fi Direct Virtual Adapter #2-QoS Packet Scheduler-0000
2026-03-15T10:18:18.695+0100 [DEBUG] [org.gradle.internal.remote.internal.inet.InetAddresses] Is this a loopback interface? false
2026-03-15T10:18:18.695+0100 [DEBUG] [org.gradle.internal.remote.internal.inet.InetAddresses] Adding IP addresses for network interface Microsoft Wi-Fi Direct Virtual Adapter #2-WFP 802.3 MAC Layer LightWeight Filter-0000
2026-03-15T10:18:18.696+0100 [DEBUG] [org.gradle.internal.remote.internal.inet.InetAddresses] Is this a loopback interface? false
2026-03-15T10:18:18.696+0100 [DEBUG] [org.gradle.internal.remote.internal.inet.InetAddresses] Adding IP addresses for network interface Intel(R) Wi-Fi 6E AX211 160MHz
2026-03-15T10:18:18.696+0100 [DEBUG] [org.gradle.internal.remote.internal.inet.InetAddresses] Is this a loopback interface? false
2026-03-15T10:18:18.696+0100 [DEBUG] [org.gradle.internal.remote.internal.inet.InetAddresses] Adding remote address /fe80:0:0:0:d509:19cf:d3dd:5354%wireless_32768
2026-03-15T10:18:18.696+0100 [DEBUG] [org.gradle.internal.remote.internal.inet.InetAddresses] Adding remote address /2a0c:5a84:7607:3300:53a4:7794:5c2d:ea55
2026-03-15T10:18:18.696+0100 [DEBUG] [org.gradle.internal.remote.internal.inet.InetAddresses] Adding remote address /2a0c:5a84:7607:3300:421:8504:f65e:43de
2026-03-15T10:18:18.696+0100 [DEBUG] [org.gradle.internal.remote.internal.inet.InetAddresses] Adding remote address /192.168.1.222
2026-03-15T10:18:18.696+0100 [DEBUG] [org.gradle.internal.remote.internal.inet.InetAddresses] Adding IP addresses for network interface Microsoft Wi-Fi Direct Virtual Adapter
2026-03-15T10:18:18.696+0100 [DEBUG] [org.gradle.internal.remote.internal.inet.InetAddresses] Is this a loopback interface? false
2026-03-15T10:18:18.696+0100 [DEBUG] [org.gradle.internal.remote.internal.inet.InetAddresses] Adding remote address /fe80:0:0:0:7ed6:d8ae:ec7c:293b%wireless_32769
2026-03-15T10:18:18.697+0100 [DEBUG] [org.gradle.internal.remote.internal.inet.InetAddresses] Adding IP addresses for network interface Microsoft Wi-Fi Direct Virtual Adapter #2
2026-03-15T10:18:18.697+0100 [DEBUG] [org.gradle.internal.remote.internal.inet.InetAddresses] Is this a loopback interface? false
2026-03-15T10:18:18.697+0100 [DEBUG] [org.gradle.internal.remote.internal.inet.InetAddresses] Adding remote address /fe80:0:0:0:ac04:d337:7f11:9faa%wireless_32770
2026-03-15T10:18:18.697+0100 [DEBUG] [org.gradle.internal.remote.internal.inet.InetAddresses] Adding IP addresses for network interface Microsoft Teredo Tunneling Adapter
2026-03-15T10:18:18.697+0100 [DEBUG] [org.gradle.internal.remote.internal.inet.InetAddresses] Is this a loopback interface? false
2026-03-15T10:18:18.697+0100 [DEBUG] [org.gradle.internal.remote.internal.inet.InetAddresses] Adding IP addresses for network interface Microsoft IP-HTTPS Platform Adapter
2026-03-15T10:18:18.697+0100 [DEBUG] [org.gradle.internal.remote.internal.inet.InetAddresses] Is this a loopback interface? false
2026-03-15T10:18:18.697+0100 [DEBUG] [org.gradle.internal.remote.internal.inet.InetAddresses] Adding IP addresses for network interface Microsoft 6to4 Adapter
2026-03-15T10:18:18.697+0100 [DEBUG] [org.gradle.internal.remote.internal.inet.InetAddresses] Is this a loopback interface? false
2026-03-15T10:18:18.697+0100 [DEBUG] [org.gradle.internal.remote.internal.inet.InetAddresses] Adding IP addresses for network interface WAN Miniport (SSTP)
2026-03-15T10:18:18.697+0100 [DEBUG] [org.gradle.internal.remote.internal.inet.InetAddresses] Is this a loopback interface? false
2026-03-15T10:18:18.697+0100 [DEBUG] [org.gradle.internal.remote.internal.inet.InetAddresses] Adding IP addresses for network interface WAN Miniport (IKEv2)
2026-03-15T10:18:18.697+0100 [DEBUG] [org.gradle.internal.remote.internal.inet.InetAddresses] Is this a loopback interface? false
2026-03-15T10:18:18.697+0100 [DEBUG] [org.gradle.internal.remote.internal.inet.InetAddresses] Adding IP addresses for network interface WAN Miniport (L2TP)
2026-03-15T10:18:18.697+0100 [DEBUG] [org.gradle.internal.remote.internal.inet.InetAddresses] Is this a loopback interface? false
2026-03-15T10:18:18.698+0100 [DEBUG] [org.gradle.internal.remote.internal.inet.InetAddresses] Adding IP addresses for network interface WAN Miniport (PPTP)
2026-03-15T10:18:18.698+0100 [DEBUG] [org.gradle.internal.remote.internal.inet.InetAddresses] Is this a loopback interface? false
2026-03-15T10:18:18.708+0100 [DEBUG] [org.gradle.internal.nativeintegration.services.NativeServices] Native-platform posix files integration is not available. Continuing with fallback.
2026-03-15T10:18:18.724+0100 [INFO] [org.gradle.launcher.daemon.server.Daemon] start() called on daemon - DefaultDaemonContext[uid=cc8c92da-7fe3-49fd-a2cc-b0f8296048f7,javaHome=C:\Program Files\Android\Android Studio\jbr,javaVersion=21,javaVendor=JetBrains s.r.o.,daemonRegistryDir=C:\Users\vafeh\Documents\Nueva carpeta\Nueva carpeta\UnicowebFunciona150326\daemon,pid=46808,idleTimeout=10800000,priority=NORMAL,applyInstrumentationAgent=true,nativeServicesMode=ENABLED,daemonOpts=-Xmx2048m,-Dfile.encoding=UTF-8,-Duser.country=ES,-Duser.language=es,-Duser.variant]
2026-03-15T10:18:18.759+0100 [DEBUG] [org.gradle.internal.remote.internal.inet.TcpIncomingConnector] Listening on [49d457db-9532-498e-915f-7dbda45419b4 port:63332, addresses:[localhost/127.0.0.1]].
2026-03-15T10:18:18.773+0100 [DEBUG] [org.gradle.launcher.daemon.server.Daemon] Daemon starting at: Sun Mar 15 10:18:18 CET 2026, with address: [49d457db-9532-498e-915f-7dbda45419b4 port:63332, addresses:[localhost/127.0.0.1]]
2026-03-15T10:18:18.773+0100 [INFO] [org.gradle.launcher.daemon.server.DaemonRegistryUpdater] Advertising the daemon address to the clients: [49d457db-9532-498e-915f-7dbda45419b4 port:63332, addresses:[localhost/127.0.0.1]]
2026-03-15T10:18:18.773+0100 [DEBUG] [org.gradle.launcher.daemon.server.DaemonRegistryUpdater] Advertised daemon context: DefaultDaemonContext[uid=cc8c92da-7fe3-49fd-a2cc-b0f8296048f7,javaHome=C:\Program Files\Android\Android Studio\jbr,javaVersion=21,javaVendor=JetBrains s.r.o.,daemonRegistryDir=C:\Users\vafeh\Documents\Nueva carpeta\Nueva carpeta\UnicowebFunciona150326\daemon,pid=46808,idleTimeout=10800000,priority=NORMAL,applyInstrumentationAgent=true,nativeServicesMode=ENABLED,daemonOpts=-Xmx2048m,-Dfile.encoding=UTF-8,-Duser.country=ES,-Duser.language=es,-Duser.variant]
2026-03-15T10:18:18.774+0100 [DEBUG] [org.gradle.launcher.daemon.registry.PersistentDaemonRegistry] Storing daemon address: [49d457db-9532-498e-915f-7dbda45419b4 port:63332, addresses:[localhost/127.0.0.1]], context: DefaultDaemonContext[uid=cc8c92da-7fe3-49fd-a2cc-b0f8296048f7,javaHome=C:\Program Files\Android\Android Studio\jbr,javaVersion=21,javaVendor=JetBrains s.r.o.,daemonRegistryDir=C:\Users\vafeh\Documents\Nueva carpeta\Nueva carpeta\UnicowebFunciona150326\daemon,pid=46808,idleTimeout=10800000,priority=NORMAL,applyInstrumentationAgent=true,nativeServicesMode=ENABLED,daemonOpts=-Xmx2048m,-Dfile.encoding=UTF-8,-Duser.country=ES,-Duser.language=es,-Duser.variant]
2026-03-15T10:18:18.783+0100 [DEBUG] [org.gradle.cache.internal.DefaultFileLockManager] Waiting to acquire exclusive lock on daemon addresses registry.
2026-03-15T10:18:18.786+0100 [DEBUG] [org.gradle.cache.internal.DefaultFileLockManager] Lock acquired on daemon addresses registry.
2026-03-15T10:18:18.790+0100 [DEBUG] [org.gradle.cache.internal.DefaultFileLockManager] Releasing lock on daemon addresses registry.
2026-03-15T10:18:18.790+0100 [LIFECYCLE] [org.gradle.launcher.daemon.server.Daemon] Daemon server started.
2026-03-15T10:18:18.791+0100 [DEBUG] [org.gradle.launcher.daemon.bootstrap.DaemonStartupCommunication] Completed writing the daemon greeting. Closing streams...
2026-03-15T10:18:18.799+0100 [DEBUG] [org.gradle.launcher.daemon.server.Daemon] stopOnExpiration() called on daemon
2026-03-15T10:18:18.800+0100 [DEBUG] [org.gradle.internal.remote.internal.inet.TcpIncomingConnector] Accepted connection from /127.0.0.1:63333 to /127.0.0.1:63332.
2026-03-15T10:18:18.800+0100 [DEBUG] [org.gradle.launcher.daemon.server.Daemon] awaitExpiration() called on daemon
2026-03-15T10:18:18.800+0100 [DEBUG] [org.gradle.launcher.daemon.server.DaemonStateCoordinator] daemon is running. Sleeping until state changes.
2026-03-15T10:18:18.864+0100 [DEBUG] [org.gradle.launcher.daemon.server.SynchronizedDispatchConnection] thread 47: received class org.gradle.launcher.daemon.protocol.Build
2026-03-15T10:18:18.865+0100 [DEBUG] [org.gradle.launcher.daemon.server.DefaultDaemonConnection] thread 47: Received non-IO message from client: Build{id=b7468951-1746-4ffe-a835-42450b722b78, currentDir=C:\Users\vafeh\Documents\Nueva carpeta\Nueva carpeta\UnicowebFunciona150326}
2026-03-15T10:18:18.865+0100 [INFO] [org.gradle.launcher.daemon.server.DefaultIncomingConnectionHandler] Received command: Build{id=b7468951-1746-4ffe-a835-42450b722b78, currentDir=C:\Users\vafeh\Documents\Nueva carpeta\Nueva carpeta\UnicowebFunciona150326}.
2026-03-15T10:18:18.865+0100 [DEBUG] [org.gradle.launcher.daemon.server.DefaultIncomingConnectionHandler] Starting executing command: Build{id=b7468951-1746-4ffe-a835-42450b722b78, currentDir=C:\Users\vafeh\Documents\Nueva carpeta\Nueva carpeta\UnicowebFunciona150326} with connection: socket connection from /127.0.0.1:63332 to /127.0.0.1:63333.
2026-03-15T10:18:18.867+0100 [DEBUG] [org.gradle.launcher.daemon.server.DaemonStateCoordinator] Command execution: started DaemonCommandExecution[command = Build{id=b7468951-1746-4ffe-a835-42450b722b78, currentDir=C:\Users\vafeh\Documents\Nueva carpeta\Nueva carpeta\UnicowebFunciona150326}, connection = DefaultDaemonConnection: socket connection from /127.0.0.1:63332 to /127.0.0.1:63333] after 0.0018333333333333333 minutes of idle
2026-03-15T10:18:18.867+0100 [INFO] [org.gradle.launcher.daemon.server.DaemonRegistryUpdater] Marking the daemon as busy, address: [49d457db-9532-498e-915f-7dbda45419b4 port:63332, addresses:[localhost/127.0.0.1]]
2026-03-15T10:18:18.867+0100 [DEBUG] [org.gradle.launcher.daemon.registry.PersistentDaemonRegistry] Marking busy by address: [49d457db-9532-498e-915f-7dbda45419b4 port:63332, addresses:[localhost/127.0.0.1]]
2026-03-15T10:18:18.868+0100 [DEBUG] [org.gradle.cache.internal.DefaultFileLockManager] Waiting to acquire exclusive lock on daemon addresses registry.
2026-03-15T10:18:18.868+0100 [DEBUG] [org.gradle.cache.internal.DefaultFileLockManager] Lock acquired on daemon addresses registry.
2026-03-15T10:18:18.869+0100 [DEBUG] [org.gradle.cache.internal.DefaultFileLockManager] Releasing lock on daemon addresses registry.
2026-03-15T10:18:18.869+0100 [DEBUG] [org.gradle.launcher.daemon.server.DaemonStateCoordinator] resetting idle timer
2026-03-15T10:18:18.869+0100 [DEBUG] [org.gradle.launcher.daemon.server.DaemonStateCoordinator] daemon is running. Sleeping until state changes.
2026-03-15T10:18:18.870+0100 [INFO] [org.gradle.launcher.daemon.server.exec.StartBuildOrRespondWithBusy] Daemon is about to start building Build{id=b7468951-1746-4ffe-a835-42450b722b78, currentDir=C:\Users\vafeh\Documents\Nueva carpeta\Nueva carpeta\UnicowebFunciona150326}. Dispatching build started information...
2026-03-15T10:18:18.870+0100 [DEBUG] [org.gradle.launcher.daemon.server.SynchronizedDispatchConnection] thread 49: dispatching org.gradle.launcher.daemon.protocol.BuildStarted@6505513b
2026-03-15T10:18:18.877+0100 [DEBUG] [org.gradle.launcher.daemon.server.exec.EstablishBuildEnvironment] Configuring env variables: [EFC_11656_1592913036, USERDOMAIN_ROAMINGPROFILE, PROCESSOR_LEVEL, SESSIONNAME, ALLUSERSPROFILE, PROCESSOR_ARCHITECTURE, PSModulePath, SystemDrive, EFC_11656_2283032206, USERNAME, EFC_11656_1262719628, LEVEL_ZERO_V1_SDK_PATH, ProgramFiles(x86), FPS_BROWSER_USER_PROFILE_STRING, PATHEXT, DriverData, ProgramData, ProgramW6432, HOMEPATH, PROCESSOR_IDENTIFIER, POWERSHELL_DISTRIBUTION_CHANNEL, ProgramFiles, PUBLIC, windir, =::, ZES_ENABLE_SYSMAN, LOCALAPPDATA, ChocolateyLastPathUpdate, USERDOMAIN, LOGONSERVER, FPS_BROWSER_APP_PROFILE_STRING, JAVA_HOME, asl.log, git, OneDrive, APPDATA, EFC_11656_3789132940, ChocolateyInstall, CommonProgramFiles, Path, OS, COMPUTERNAME, PROCESSOR_REVISION, CommonProgramW6432, ComSpec, TEMP, SystemRoot, HOMEDRIVE, USERPROFILE, TMP, CommonProgramFiles(x86), NUMBER_OF_PROCESSORS]
2026-03-15T10:18:18.882+0100 [DEBUG] [org.gradle.launcher.daemon.server.exec.LogToClient] About to start relaying all logs to the client via the connection.
2026-03-15T10:18:18.883+0100 [INFO] [org.gradle.launcher.daemon.server.exec.LogToClient] The client will now receive all logging from the daemon (pid: 46808). The daemon log file: C:\Users\vafeh\Documents\Nueva carpeta\Nueva carpeta\UnicowebFunciona150326\daemon\9.0-milestone-1\daemon-46808.out.log
2026-03-15T10:18:18.884+0100 [INFO] [org.gradle.launcher.daemon.server.exec.LogAndCheckHealth] Starting build in new daemon [memory: 2 GiB]
2026-03-15T10:18:18.886+0100 [DEBUG] [org.gradle.launcher.daemon.server.exec.ExecuteBuild] The daemon has started executing the build.
2026-03-15T10:18:18.886+0100 [DEBUG] [org.gradle.launcher.daemon.server.exec.ExecuteBuild] Executing build with daemon context: DefaultDaemonContext[uid=cc8c92da-7fe3-49fd-a2cc-b0f8296048f7,javaHome=C:\Program Files\Android\Android Studio\jbr,javaVersion=21,javaVendor=JetBrains s.r.o.,daemonRegistryDir=C:\Users\vafeh\Documents\Nueva carpeta\Nueva carpeta\UnicowebFunciona150326\daemon,pid=46808,idleTimeout=10800000,priority=NORMAL,applyInstrumentationAgent=true,nativeServicesMode=ENABLED,daemonOpts=-Xmx2048m,-Dfile.encoding=UTF-8,-Duser.country=ES,-Duser.language=es,-Duser.variant]

BUILD SUCCESSFUL in 11s
2026-03-15T10:18:27.615+0100 [DEBUG] [org.gradle.launcher.daemon.server.exec.ExecuteBuild] The daemon has finished executing the build.
2026-03-15T10:18:27.631+0100 [DEBUG] [org.gradle.launcher.daemon.server.DaemonStateCoordinator] daemon is running. Sleeping until state changes.
2026-03-15T10:18:27.631+0100 [DEBUG] [org.gradle.launcher.daemon.server.DaemonStateCoordinator] Command execution: finished waiting for DaemonCommandExecution[command = Build{id=b7468951-1746-4ffe-a835-42450b722b78, currentDir=C:\Users\vafeh\Documents\Nueva carpeta\Nueva carpeta\UnicowebFunciona150326}, connection = DefaultDaemonConnection: socket connection from /127.0.0.1:63332 to /127.0.0.1:63333]. Result org.gradle.launcher.daemon.server.DaemonStateCoordinator@1586e7be with state Busy
2026-03-15T10:18:27.632+0100 [DEBUG] [org.gradle.launcher.daemon.server.DaemonStateCoordinator] Command execution: completed DaemonCommandExecution[command = Build{id=b7468951-1746-4ffe-a835-42450b722b78, currentDir=C:\Users\vafeh\Documents\Nueva carpeta\Nueva carpeta\UnicowebFunciona150326}, connection = DefaultDaemonConnection: socket connection from /127.0.0.1:63332 to /127.0.0.1:63333]
2026-03-15T10:18:27.632+0100 [DEBUG] [org.gradle.launcher.daemon.server.DaemonStateCoordinator] resetting idle timer
2026-03-15T10:18:27.632+0100 [INFO] [org.gradle.launcher.daemon.server.DaemonRegistryUpdater] Marking the daemon as idle, address: [49d457db-9532-498e-915f-7dbda45419b4 port:63332, addresses:[localhost/127.0.0.1]]
2026-03-15T10:18:27.632+0100 [DEBUG] [org.gradle.launcher.daemon.registry.PersistentDaemonRegistry] Marking busy by address: [49d457db-9532-498e-915f-7dbda45419b4 port:63332, addresses:[localhost/127.0.0.1]]
2026-03-15T10:18:27.633+0100 [DEBUG] [org.gradle.cache.internal.DefaultFileLockManager] Waiting to acquire exclusive lock on daemon addresses registry.
2026-03-15T10:18:27.633+0100 [DEBUG] [org.gradle.cache.internal.DefaultFileLockManager] Lock acquired on daemon addresses registry.
2026-03-15T10:18:27.634+0100 [DEBUG] [org.gradle.cache.internal.DefaultFileLockManager] Releasing lock on daemon addresses registry.
2026-03-15T10:18:27.634+0100 [DEBUG] [org.gradle.launcher.daemon.server.DaemonStateCoordinator] daemon is running. Sleeping until state changes.
2026-03-15T10:18:27.634+0100 [DEBUG] [org.gradle.launcher.daemon.server.exec.ReturnResult] Daemon is dispatching the build result: Success[value=org.gradle.launcher.exec.BuildActionResult@1fb89c21]
2026-03-15T10:18:27.634+0100 [DEBUG] [org.gradle.launcher.daemon.server.SynchronizedDispatchConnection] thread 46: dispatching Success[value=org.gradle.launcher.exec.BuildActionResult@1fb89c21]
2026-03-15T10:18:27.635+0100 [DEBUG] [org.gradle.launcher.daemon.server.SynchronizedDispatchConnection] thread 47: received class org.gradle.launcher.daemon.protocol.CloseInput
2026-03-15T10:18:27.635+0100 [DEBUG] [org.gradle.launcher.daemon.server.DefaultIncomingConnectionHandler] Finishing executing command: Build{id=b7468951-1746-4ffe-a835-42450b722b78, currentDir=C:\Users\vafeh\Documents\Nueva carpeta\Nueva carpeta\UnicowebFunciona150326}
2026-03-15T10:18:27.635+0100 [DEBUG] [org.gradle.launcher.daemon.server.exec.CleanUpVirtualFileSystemAfterBuild] Cleaning virtual file system after build finished
2026-03-15T10:18:27.636+0100 [DEBUG] [org.gradle.launcher.daemon.server.DefaultDaemonConnection] thread 47: Received IO message from client: org.gradle.launcher.daemon.protocol.CloseInput@1d707636
2026-03-15T10:18:27.636+0100 [DEBUG] [org.gradle.launcher.daemon.server.SynchronizedDispatchConnection] thread 47: received class org.gradle.launcher.daemon.protocol.Finished
2026-03-15T10:18:27.636+0100 [DEBUG] [org.gradle.launcher.daemon.server.DefaultDaemonConnection] thread 47: Received non-IO message from client: org.gradle.launcher.daemon.protocol.Finished@66a045ad
2026-03-15T10:18:27.637+0100 [DEBUG] [org.gradle.launcher.daemon.server.DefaultIncomingConnectionHandler] Received finished message: org.gradle.launcher.daemon.protocol.Finished@66a045ad
2026-03-15T10:18:27.637+0100 [DEBUG] [org.gradle.internal.remote.internal.inet.SocketConnection] Discarding EOFException: java.io.EOFException
2026-03-15T10:18:27.637+0100 [DEBUG] [org.gradle.launcher.daemon.server.SynchronizedDispatchConnection] thread 46: stopping connection
2026-03-15T10:18:27.637+0100 [DEBUG] [org.gradle.launcher.daemon.server.SynchronizedDispatchConnection] thread 47: received null
2026-03-15T10:18:27.637+0100 [DEBUG] [org.gradle.launcher.daemon.server.DefaultDaemonConnection] thread 47: Received end-of-input from client.
2026-03-15T10:18:27.638+0100 [DEBUG] [org.gradle.launcher.daemon.server.SynchronizedDispatchConnection] thread 46: stopping connection
2026-03-15T10:18:28.807+0100 [DEBUG] [org.gradle.cache.internal.DefaultFileLockManager] Waiting to acquire shared lock on daemon addresses registry.
2026-03-15T10:18:28.808+0100 [DEBUG] [org.gradle.cache.internal.DefaultFileLockManager] Lock acquired on daemon addresses registry.
2026-03-15T10:18:28.808+0100 [DEBUG] [org.gradle.cache.internal.DefaultFileLockManager] Releasing lock on daemon addresses registry.
2026-03-15T10:18:28.810+0100 [DEBUG] [org.gradle.cache.internal.DefaultFileLockManager] Waiting to acquire shared lock on daemon addresses registry.
2026-03-15T10:18:28.810+0100 [DEBUG] [org.gradle.cache.internal.DefaultFileLockManager] Lock acquired on daemon addresses registry.
2026-03-15T10:18:28.810+0100 [DEBUG] [org.gradle.cache.internal.DefaultFileLockManager] Releasing lock on daemon addresses registry.
2026-03-15T10:18:38.803+0100 [DEBUG] [org.gradle.cache.internal.DefaultFileLockManager] Waiting to acquire shared lock on daemon addresses registry.
2026-03-15T10:18:38.803+0100 [DEBUG] [org.gradle.cache.internal.DefaultFileLockManager] Lock acquired on daemon addresses registry.
2026-03-15T10:18:38.804+0100 [DEBUG] [org.gradle.cache.internal.DefaultFileLockManager] Releasing lock on daemon addresses registry.
2026-03-15T10:18:38.804+0100 [DEBUG] [org.gradle.cache.internal.DefaultFileLockManager] Waiting to acquire shared lock on daemon addresses registry.
2026-03-15T10:18:38.804+0100 [DEBUG] [org.gradle.cache.internal.DefaultFileLockManager] Lock acquired on daemon addresses registry.
2026-03-15T10:18:38.805+0100 [DEBUG] [org.gradle.cache.internal.DefaultFileLockManager] Releasing lock on daemon addresses registry.
2026-03-15T10:18:38.805+0100 [DEBUG] [org.gradle.cache.internal.DefaultFileLockManager] Waiting to acquire shared lock on daemon addresses registry.
2026-03-15T10:18:38.805+0100 [DEBUG] [org.gradle.cache.internal.DefaultFileLockManager] Lock acquired on daemon addresses registry.
2026-03-15T10:18:38.806+0100 [DEBUG] [org.gradle.cache.internal.DefaultFileLockManager] Releasing lock on daemon addresses registry.
2026-03-15T10:18:48.811+0100 [DEBUG] [org.gradle.cache.internal.DefaultFileLockManager] Waiting to acquire shared lock on daemon addresses registry.
2026-03-15T10:18:48.811+0100 [DEBUG] [org.gradle.cache.internal.DefaultFileLockManager] Lock acquired on daemon addresses registry.
2026-03-15T10:18:48.811+0100 [DEBUG] [org.gradle.cache.internal.DefaultFileLockManager] Releasing lock on daemon addresses registry.
2026-03-15T10:18:48.812+0100 [DEBUG] [org.gradle.cache.internal.DefaultFileLockManager] Waiting to acquire shared lock on daemon addresses registry.
2026-03-15T10:18:48.812+0100 [DEBUG] [org.gradle.cache.internal.DefaultFileLockManager] Lock acquired on daemon addresses registry.
2026-03-15T10:18:48.812+0100 [DEBUG] [org.gradle.cache.internal.DefaultFileLockManager] Releasing lock on daemon addresses registry.
2026-03-15T10:18:48.813+0100 [DEBUG] [org.gradle.cache.internal.DefaultFileLockManager] Waiting to acquire shared lock on daemon addresses registry.
2026-03-15T10:18:48.813+0100 [DEBUG] [org.gradle.cache.internal.DefaultFileLockManager] Lock acquired on daemon addresses registry.
2026-03-15T10:18:48.813+0100 [DEBUG] [org.gradle.cache.internal.DefaultFileLockManager] Releasing lock on daemon addresses registry.
2026-03-15T10:18:58.803+0100 [DEBUG] [org.gradle.cache.internal.DefaultFileLockManager] Waiting to acquire shared lock on daemon addresses registry.
2026-03-15T10:18:58.803+0100 [DEBUG] [org.gradle.cache.internal.DefaultFileLockManager] Lock acquired on daemon addresses registry.
2026-03-15T10:18:58.803+0100 [DEBUG] [org.gradle.cache.internal.DefaultFileLockManager] Releasing lock on daemon addresses registry.
2026-03-15T10:18:58.804+0100 [DEBUG] [org.gradle.cache.internal.DefaultFileLockManager] Waiting to acquire shared lock on daemon addresses registry.
2026-03-15T10:18:58.804+0100 [DEBUG] [org.gradle.cache.internal.DefaultFileLockManager] Lock acquired on daemon addresses registry.
2026-03-15T10:18:58.805+0100 [DEBUG] [org.gradle.cache.internal.DefaultFileLockManager] Releasing lock on daemon addresses registry.
2026-03-15T10:18:58.805+0100 [DEBUG] [org.gradle.cache.internal.DefaultFileLockManager] Waiting to acquire shared lock on daemon addresses registry.
2026-03-15T10:18:58.805+0100 [DEBUG] [org.gradle.cache.internal.DefaultFileLockManager] Lock acquired on daemon addresses registry.
2026-03-15T10:18:58.806+0100 [DEBUG] [org.gradle.cache.internal.DefaultFileLockManager] Releasing lock on daemon addresses registry.
2026-03-15T10:19:08.806+0100 [DEBUG] [org.gradle.cache.internal.DefaultFileLockManager] Waiting to acquire shared lock on daemon addresses registry.
2026-03-15T10:19:08.806+0100 [DEBUG] [org.gradle.cache.internal.DefaultFileLockManager] Lock acquired on daemon addresses registry.
2026-03-15T10:19:08.806+0100 [DEBUG] [org.gradle.cache.internal.DefaultFileLockManager] Releasing lock on daemon addresses registry.
2026-03-15T10:19:08.807+0100 [DEBUG] [org.gradle.cache.internal.DefaultFileLockManager] Waiting to acquire shared lock on daemon addresses registry.
2026-03-15T10:19:08.807+0100 [DEBUG] [org.gradle.cache.internal.DefaultFileLockManager] Lock acquired on daemon addresses registry.
2026-03-15T10:19:08.808+0100 [DEBUG] [org.gradle.cache.internal.DefaultFileLockManager] Releasing lock on daemon addresses registry.
2026-03-15T10:19:08.808+0100 [DEBUG] [org.gradle.cache.internal.DefaultFileLockManager] Waiting to acquire shared lock on daemon addresses registry.
2026-03-15T10:19:08.808+0100 [DEBUG] [org.gradle.cache.internal.DefaultFileLockManager] Lock acquired on daemon addresses registry.
2026-03-15T10:19:08.808+0100 [DEBUG] [org.gradle.cache.internal.DefaultFileLockManager] Releasing lock on daemon addresses registry.
2026-03-15T10:19:18.805+0100 [DEBUG] [org.gradle.cache.internal.DefaultFileLockManager] Waiting to acquire shared lock on daemon addresses registry.
2026-03-15T10:19:18.806+0100 [DEBUG] [org.gradle.cache.internal.DefaultFileLockManager] Lock acquired on daemon addresses registry.
2026-03-15T10:19:18.806+0100 [DEBUG] [org.gradle.cache.internal.DefaultFileLockManager] Releasing lock on daemon addresses registry.
2026-03-15T10:19:18.807+0100 [DEBUG] [org.gradle.cache.internal.DefaultFileLockManager] Waiting to acquire shared lock on daemon addresses registry.
2026-03-15T10:19:18.807+0100 [DEBUG] [org.gradle.cache.internal.DefaultFileLockManager] Lock acquired on daemon addresses registry.
2026-03-15T10:19:18.807+0100 [DEBUG] [org.gradle.cache.internal.DefaultFileLockManager] Releasing lock on daemon addresses registry.
2026-03-15T10:19:18.808+0100 [DEBUG] [org.gradle.cache.internal.DefaultFileLockManager] Waiting to acquire shared lock on daemon addresses registry.
2026-03-15T10:19:18.808+0100 [DEBUG] [org.gradle.cache.internal.DefaultFileLockManager] Lock acquired on daemon addresses registry.
2026-03-15T10:19:18.808+0100 [DEBUG] [org.gradle.cache.internal.DefaultFileLockManager] Releasing lock on daemon addresses registry.
2026-03-15T10:19:28.805+0100 [DEBUG] [org.gradle.cache.internal.DefaultFileLockManager] Waiting to acquire shared lock on daemon addresses registry.
2026-03-15T10:19:28.806+0100 [DEBUG] [org.gradle.cache.internal.DefaultFileLockManager] Lock acquired on daemon addresses registry.
2026-03-15T10:19:28.806+0100 [DEBUG] [org.gradle.cache.internal.DefaultFileLockManager] Releasing lock on daemon addresses registry.
2026-03-15T10:19:28.807+0100 [DEBUG] [org.gradle.cache.internal.DefaultFileLockManager] Waiting to acquire shared lock on daemon addresses registry.
2026-03-15T10:19:28.807+0100 [DEBUG] [org.gradle.cache.internal.DefaultFileLockManager] Lock acquired on daemon addresses registry.
2026-03-15T10:19:28.807+0100 [DEBUG] [org.gradle.cache.internal.DefaultFileLockManager] Releasing lock on daemon addresses registry.
2026-03-15T10:19:28.808+0100 [DEBUG] [org.gradle.cache.internal.DefaultFileLockManager] Waiting to acquire shared lock on daemon addresses registry.
2026-03-15T10:19:28.808+0100 [DEBUG] [org.gradle.cache.internal.DefaultFileLockManager] Lock acquired on daemon addresses registry.
2026-03-15T10:19:28.808+0100 [DEBUG] [org.gradle.cache.internal.DefaultFileLockManager] Releasing lock on daemon addresses registry.
2026-03-15T10:19:38.812+0100 [DEBUG] [org.gradle.cache.internal.DefaultFileLockManager] Waiting to acquire shared lock on daemon addresses registry.
2026-03-15T10:19:38.812+0100 [DEBUG] [org.gradle.cache.internal.DefaultFileLockManager] Lock acquired on daemon addresses registry.
2026-03-15T10:19:38.813+0100 [DEBUG] [org.gradle.cache.internal.DefaultFileLockManager] Releasing lock on daemon addresses registry.
2026-03-15T10:19:38.814+0100 [DEBUG] [org.gradle.cache.internal.DefaultFileLockManager] Waiting to acquire shared lock on daemon addresses registry.
2026-03-15T10:19:38.814+0100 [DEBUG] [org.gradle.cache.internal.DefaultFileLockManager] Lock acquired on daemon addresses registry.
2026-03-15T10:19:38.814+0100 [DEBUG] [org.gradle.cache.internal.DefaultFileLockManager] Releasing lock on daemon addresses registry.
2026-03-15T10:19:38.815+0100 [DEBUG] [org.gradle.cache.internal.DefaultFileLockManager] Waiting to acquire shared lock on daemon addresses registry.
2026-03-15T10:19:38.815+0100 [DEBUG] [org.gradle.cache.internal.DefaultFileLockManager] Lock acquired on daemon addresses registry.
2026-03-15T10:19:38.815+0100 [DEBUG] [org.gradle.cache.internal.DefaultFileLockManager] Releasing lock on daemon addresses registry.
2026-03-15T10:19:48.809+0100 [DEBUG] [org.gradle.cache.internal.DefaultFileLockManager] Waiting to acquire shared lock on daemon addresses registry.
2026-03-15T10:19:48.809+0100 [DEBUG] [org.gradle.cache.internal.DefaultFileLockManager] Lock acquired on daemon addresses registry.
2026-03-15T10:19:48.809+0100 [DEBUG] [org.gradle.cache.internal.DefaultFileLockManager] Releasing lock on daemon addresses registry.
2026-03-15T10:19:48.811+0100 [DEBUG] [org.gradle.cache.internal.DefaultFileLockManager] Waiting to acquire shared lock on daemon addresses registry.
2026-03-15T10:19:48.811+0100 [DEBUG] [org.gradle.cache.internal.DefaultFileLockManager] Lock acquired on daemon addresses registry.
2026-03-15T10:19:48.811+0100 [DEBUG] [org.gradle.cache.internal.DefaultFileLockManager] Releasing lock on daemon addresses registry.
2026-03-15T10:19:48.812+0100 [DEBUG] [org.gradle.cache.internal.DefaultFileLockManager] Waiting to acquire shared lock on daemon addresses registry.
2026-03-15T10:19:48.812+0100 [DEBUG] [org.gradle.cache.internal.DefaultFileLockManager] Lock acquired on daemon addresses registry.
2026-03-15T10:19:48.812+0100 [DEBUG] [org.gradle.cache.internal.DefaultFileLockManager] Releasing lock on daemon addresses registry.
2026-03-15T10:19:58.814+0100 [DEBUG] [org.gradle.cache.internal.DefaultFileLockManager] Waiting to acquire shared lock on daemon addresses registry.
2026-03-15T10:19:58.815+0100 [DEBUG] [org.gradle.cache.internal.DefaultFileLockManager] Lock acquired on daemon addresses registry.
2026-03-15T10:19:58.815+0100 [DEBUG] [org.gradle.cache.internal.DefaultFileLockManager] Releasing lock on daemon addresses registry.
2026-03-15T10:19:58.816+0100 [DEBUG] [org.gradle.cache.internal.DefaultFileLockManager] Waiting to acquire shared lock on daemon addresses registry.
2026-03-15T10:19:58.816+0100 [DEBUG] [org.gradle.cache.internal.DefaultFileLockManager] Lock acquired on daemon addresses registry.
2026-03-15T10:19:58.817+0100 [DEBUG] [org.gradle.cache.internal.DefaultFileLockManager] Releasing lock on daemon addresses registry.
2026-03-15T10:19:58.817+0100 [DEBUG] [org.gradle.cache.internal.DefaultFileLockManager] Waiting to acquire shared lock on daemon addresses registry.
2026-03-15T10:19:58.818+0100 [DEBUG] [org.gradle.cache.internal.DefaultFileLockManager] Lock acquired on daemon addresses registry.
2026-03-15T10:19:58.818+0100 [DEBUG] [org.gradle.cache.internal.DefaultFileLockManager] Releasing lock on daemon addresses registry.
2026-03-15T10:20:08.805+0100 [DEBUG] [org.gradle.cache.internal.DefaultFileLockManager] Waiting to acquire shared lock on daemon addresses registry.
2026-03-15T10:20:08.806+0100 [DEBUG] [org.gradle.cache.internal.DefaultFileLockManager] Lock acquired on daemon addresses registry.
2026-03-15T10:20:08.806+0100 [DEBUG] [org.gradle.cache.internal.DefaultFileLockManager] Releasing lock on daemon addresses registry.
2026-03-15T10:20:08.807+0100 [DEBUG] [org.gradle.cache.internal.DefaultFileLockManager] Waiting to acquire shared lock on daemon addresses registry.
2026-03-15T10:20:08.808+0100 [DEBUG] [org.gradle.cache.internal.DefaultFileLockManager] Lock acquired on daemon addresses registry.
2026-03-15T10:20:08.808+0100 [DEBUG] [org.gradle.cache.internal.DefaultFileLockManager] Releasing lock on daemon addresses registry.
2026-03-15T10:20:08.808+0100 [DEBUG] [org.gradle.cache.internal.DefaultFileLockManager] Waiting to acquire shared lock on daemon addresses registry.
2026-03-15T10:20:08.808+0100 [DEBUG] [org.gradle.cache.internal.DefaultFileLockManager] Lock acquired on daemon addresses registry.
2026-03-15T10:20:08.809+0100 [DEBUG] [org.gradle.cache.internal.DefaultFileLockManager] Releasing lock on daemon addresses registry.
2026-03-15T10:20:11.208+0100 [DEBUG] [org.gradle.internal.remote.internal.inet.TcpIncomingConnector] Accepted connection from /127.0.0.1:54599 to /127.0.0.1:63332.
2026-03-15T10:20:11.212+0100 [DEBUG] [org.gradle.launcher.daemon.server.SynchronizedDispatchConnection] thread 223: received class org.gradle.launcher.daemon.protocol.Build
2026-03-15T10:20:11.212+0100 [DEBUG] [org.gradle.launcher.daemon.server.DefaultDaemonConnection] thread 223: Received non-IO message from client: Build{id=7f2429e3-539c-43a5-869a-193d0c8b5db3, currentDir=C:\Users\vafeh\Documents\Nueva carpeta\Nueva carpeta\UnicowebFunciona150326}
2026-03-15T10:20:11.212+0100 [INFO] [org.gradle.launcher.daemon.server.DefaultIncomingConnectionHandler] Received command: Build{id=7f2429e3-539c-43a5-869a-193d0c8b5db3, currentDir=C:\Users\vafeh\Documents\Nueva carpeta\Nueva carpeta\UnicowebFunciona150326}.
2026-03-15T10:20:11.212+0100 [DEBUG] [org.gradle.launcher.daemon.server.DefaultIncomingConnectionHandler] Starting executing command: Build{id=7f2429e3-539c-43a5-869a-193d0c8b5db3, currentDir=C:\Users\vafeh\Documents\Nueva carpeta\Nueva carpeta\UnicowebFunciona150326} with connection: socket connection from /127.0.0.1:63332 to /127.0.0.1:54599.
2026-03-15T10:20:11.213+0100 [DEBUG] [org.gradle.launcher.daemon.server.DaemonStateCoordinator] Command execution: started DaemonCommandExecution[command = Build{id=7f2429e3-539c-43a5-869a-193d0c8b5db3, currentDir=C:\Users\vafeh\Documents\Nueva carpeta\Nueva carpeta\UnicowebFunciona150326}, connection = DefaultDaemonConnection: socket connection from /127.0.0.1:63332 to /127.0.0.1:54599] after 1.7263333333333333 minutes of idle
2026-03-15T10:20:11.213+0100 [INFO] [org.gradle.launcher.daemon.server.DaemonRegistryUpdater] Marking the daemon as busy, address: [49d457db-9532-498e-915f-7dbda45419b4 port:63332, addresses:[localhost/127.0.0.1]]
2026-03-15T10:20:11.213+0100 [DEBUG] [org.gradle.launcher.daemon.registry.PersistentDaemonRegistry] Marking busy by address: [49d457db-9532-498e-915f-7dbda45419b4 port:63332, addresses:[localhost/127.0.0.1]]
2026-03-15T10:20:11.213+0100 [DEBUG] [org.gradle.cache.internal.DefaultFileLockManager] Waiting to acquire exclusive lock on daemon addresses registry.
2026-03-15T10:20:11.214+0100 [DEBUG] [org.gradle.cache.internal.DefaultFileLockManager] Lock acquired on daemon addresses registry.
2026-03-15T10:20:11.214+0100 [DEBUG] [org.gradle.cache.internal.DefaultFileLockManager] Releasing lock on daemon addresses registry.
2026-03-15T10:20:11.214+0100 [DEBUG] [org.gradle.launcher.daemon.server.DaemonStateCoordinator] resetting idle timer
2026-03-15T10:20:11.215+0100 [DEBUG] [org.gradle.launcher.daemon.server.DaemonStateCoordinator] daemon is running. Sleeping until state changes.
2026-03-15T10:20:11.215+0100 [INFO] [org.gradle.launcher.daemon.server.exec.StartBuildOrRespondWithBusy] Daemon is about to start building Build{id=7f2429e3-539c-43a5-869a-193d0c8b5db3, currentDir=C:\Users\vafeh\Documents\Nueva carpeta\Nueva carpeta\UnicowebFunciona150326}. Dispatching build started information...
2026-03-15T10:20:11.215+0100 [DEBUG] [org.gradle.launcher.daemon.server.SynchronizedDispatchConnection] thread 225: dispatching org.gradle.launcher.daemon.protocol.BuildStarted@68fb339b
2026-03-15T10:20:11.215+0100 [DEBUG] [org.gradle.launcher.daemon.server.exec.EstablishBuildEnvironment] Configuring env variables: [EFC_11656_1592913036, USERDOMAIN_ROAMINGPROFILE, PROCESSOR_LEVEL, SESSIONNAME, ALLUSERSPROFILE, PROCESSOR_ARCHITECTURE, PSModulePath, SystemDrive, EFC_11656_2283032206, USERNAME, EFC_11656_1262719628, LEVEL_ZERO_V1_SDK_PATH, ProgramFiles(x86), FPS_BROWSER_USER_PROFILE_STRING, PATHEXT, DriverData, ProgramData, ProgramW6432, HOMEPATH, PROCESSOR_IDENTIFIER, POWERSHELL_DISTRIBUTION_CHANNEL, ProgramFiles, PUBLIC, windir, =::, ZES_ENABLE_SYSMAN, LOCALAPPDATA, ChocolateyLastPathUpdate, USERDOMAIN, LOGONSERVER, FPS_BROWSER_APP_PROFILE_STRING, JAVA_HOME, asl.log, git, OneDrive, APPDATA, EFC_11656_3789132940, ChocolateyInstall, CommonProgramFiles, Path, OS, COMPUTERNAME, PROCESSOR_REVISION, CommonProgramW6432, ComSpec, TEMP, SystemRoot, HOMEDRIVE, USERPROFILE, TMP, CommonProgramFiles(x86), NUMBER_OF_PROCESSORS]
2026-03-15T10:20:11.216+0100 [DEBUG] [org.gradle.launcher.daemon.server.exec.LogToClient] About to start relaying all logs to the client via the connection.
2026-03-15T10:20:11.217+0100 [INFO] [org.gradle.launcher.daemon.server.exec.LogToClient] The client will now receive all logging from the daemon (pid: 46808). The daemon log file: C:\Users\vafeh\Documents\Nueva carpeta\Nueva carpeta\UnicowebFunciona150326\daemon\9.0-milestone-1\daemon-46808.out.log
2026-03-15T10:20:11.219+0100 [INFO] [org.gradle.launcher.daemon.server.exec.LogAndCheckHealth] Starting 2nd build in daemon [uptime: 1 mins 52.6 secs, performance: 99%, GC rate: 0.00/s, heap usage: 0% of 2 GiB]
2026-03-15T10:20:11.220+0100 [DEBUG] [org.gradle.launcher.daemon.server.exec.ExecuteBuild] The daemon has started executing the build.
2026-03-15T10:20:11.220+0100 [DEBUG] [org.gradle.launcher.daemon.server.exec.ExecuteBuild] Executing build with daemon context: DefaultDaemonContext[uid=cc8c92da-7fe3-49fd-a2cc-b0f8296048f7,javaHome=C:\Program Files\Android\Android Studio\jbr,javaVersion=21,javaVendor=JetBrains s.r.o.,daemonRegistryDir=C:\Users\vafeh\Documents\Nueva carpeta\Nueva carpeta\UnicowebFunciona150326\daemon,pid=46808,idleTimeout=10800000,priority=NORMAL,applyInstrumentationAgent=true,nativeServicesMode=ENABLED,daemonOpts=-Xmx2048m,-Dfile.encoding=UTF-8,-Duser.country=ES,-Duser.language=es,-Duser.variant]

BUILD SUCCESSFUL in 418ms
2026-03-15T10:20:11.653+0100 [DEBUG] [org.gradle.launcher.daemon.server.exec.ExecuteBuild] The daemon has finished executing the build.
2026-03-15T10:20:11.669+0100 [DEBUG] [org.gradle.launcher.daemon.server.DaemonStateCoordinator] daemon is running. Sleeping until state changes.
2026-03-15T10:20:11.669+0100 [DEBUG] [org.gradle.launcher.daemon.server.DaemonStateCoordinator] Command execution: finished waiting for DaemonCommandExecution[command = Build{id=7f2429e3-539c-43a5-869a-193d0c8b5db3, currentDir=C:\Users\vafeh\Documents\Nueva carpeta\Nueva carpeta\UnicowebFunciona150326}, connection = DefaultDaemonConnection: socket connection from /127.0.0.1:63332 to /127.0.0.1:54599]. Result org.gradle.launcher.daemon.server.DaemonStateCoordinator@1586e7be with state Busy
2026-03-15T10:20:11.670+0100 [DEBUG] [org.gradle.launcher.daemon.server.DaemonStateCoordinator] Command execution: completed DaemonCommandExecution[command = Build{id=7f2429e3-539c-43a5-869a-193d0c8b5db3, currentDir=C:\Users\vafeh\Documents\Nueva carpeta\Nueva carpeta\UnicowebFunciona150326}, connection = DefaultDaemonConnection: socket connection from /127.0.0.1:63332 to /127.0.0.1:54599]
2026-03-15T10:20:11.670+0100 [DEBUG] [org.gradle.launcher.daemon.server.DaemonStateCoordinator] resetting idle timer
2026-03-15T10:20:11.670+0100 [INFO] [org.gradle.launcher.daemon.server.DaemonRegistryUpdater] Marking the daemon as idle, address: [49d457db-9532-498e-915f-7dbda45419b4 port:63332, addresses:[localhost/127.0.0.1]]
2026-03-15T10:20:11.670+0100 [DEBUG] [org.gradle.launcher.daemon.registry.PersistentDaemonRegistry] Marking busy by address: [49d457db-9532-498e-915f-7dbda45419b4 port:63332, addresses:[localhost/127.0.0.1]]
2026-03-15T10:20:11.671+0100 [DEBUG] [org.gradle.cache.internal.DefaultFileLockManager] Waiting to acquire exclusive lock on daemon addresses registry.
2026-03-15T10:20:11.671+0100 [DEBUG] [org.gradle.cache.internal.DefaultFileLockManager] Lock acquired on daemon addresses registry.
2026-03-15T10:20:11.672+0100 [DEBUG] [org.gradle.cache.internal.DefaultFileLockManager] Releasing lock on daemon addresses registry.
2026-03-15T10:20:11.672+0100 [DEBUG] [org.gradle.launcher.daemon.server.DaemonStateCoordinator] daemon is running. Sleeping until state changes.
2026-03-15T10:20:11.672+0100 [DEBUG] [org.gradle.launcher.daemon.server.exec.ReturnResult] Daemon is dispatching the build result: Success[value=org.gradle.launcher.exec.BuildActionResult@4cd4dd73]
2026-03-15T10:20:11.672+0100 [DEBUG] [org.gradle.launcher.daemon.server.SynchronizedDispatchConnection] thread 222: dispatching Success[value=org.gradle.launcher.exec.BuildActionResult@4cd4dd73]
2026-03-15T10:20:11.673+0100 [DEBUG] [org.gradle.launcher.daemon.server.SynchronizedDispatchConnection] thread 223: received class org.gradle.launcher.daemon.protocol.CloseInput
2026-03-15T10:20:11.673+0100 [DEBUG] [org.gradle.launcher.daemon.server.exec.CleanUpVirtualFileSystemAfterBuild] Cleaning virtual file system after build finished
2026-03-15T10:20:11.673+0100 [DEBUG] [org.gradle.launcher.daemon.server.DefaultDaemonConnection] thread 223: Received IO message from client: org.gradle.launcher.daemon.protocol.CloseInput@7c68e0c9
2026-03-15T10:20:11.673+0100 [DEBUG] [org.gradle.launcher.daemon.server.DefaultIncomingConnectionHandler] Finishing executing command: Build{id=7f2429e3-539c-43a5-869a-193d0c8b5db3, currentDir=C:\Users\vafeh\Documents\Nueva carpeta\Nueva carpeta\UnicowebFunciona150326}
2026-03-15T10:20:11.673+0100 [DEBUG] [org.gradle.launcher.daemon.server.SynchronizedDispatchConnection] thread 223: received class org.gradle.launcher.daemon.protocol.Finished
2026-03-15T10:20:11.673+0100 [DEBUG] [org.gradle.launcher.daemon.server.DefaultDaemonConnection] thread 223: Received non-IO message from client: org.gradle.launcher.daemon.protocol.Finished@72af1134
2026-03-15T10:20:11.673+0100 [DEBUG] [org.gradle.launcher.daemon.server.DefaultIncomingConnectionHandler] Received finished message: org.gradle.launcher.daemon.protocol.Finished@72af1134
2026-03-15T10:20:11.673+0100 [DEBUG] [org.gradle.launcher.daemon.server.SynchronizedDispatchConnection] thread 222: stopping connection
2026-03-15T10:20:11.673+0100 [DEBUG] [org.gradle.internal.remote.internal.inet.SocketConnection] Discarding EOFException: java.io.EOFException
2026-03-15T10:20:11.674+0100 [DEBUG] [org.gradle.launcher.daemon.server.SynchronizedDispatchConnection] thread 223: received null
2026-03-15T10:20:11.674+0100 [DEBUG] [org.gradle.launcher.daemon.server.DefaultDaemonConnection] thread 223: Received end-of-input from client.
2026-03-15T10:20:11.674+0100 [DEBUG] [org.gradle.launcher.daemon.server.SynchronizedDispatchConnection] thread 222: stopping connection
2026-03-15T10:20:18.804+0100 [DEBUG] [org.gradle.cache.internal.DefaultFileLockManager] Waiting to acquire shared lock on daemon addresses registry.
2026-03-15T10:20:18.804+0100 [DEBUG] [org.gradle.cache.internal.DefaultFileLockManager] Lock acquired on daemon addresses registry.
2026-03-15T10:20:18.804+0100 [DEBUG] [org.gradle.cache.internal.DefaultFileLockManager] Releasing lock on daemon addresses registry.
2026-03-15T10:20:18.805+0100 [DEBUG] [org.gradle.cache.internal.DefaultFileLockManager] Waiting to acquire shared lock on daemon addresses registry.
2026-03-15T10:20:18.805+0100 [DEBUG] [org.gradle.cache.internal.DefaultFileLockManager] Lock acquired on daemon addresses registry.
2026-03-15T10:20:18.805+0100 [DEBUG] [org.gradle.cache.internal.DefaultFileLockManager] Releasing lock on daemon addresses registry.
2026-03-15T10:20:28.802+0100 [DEBUG] [org.gradle.cache.internal.DefaultFileLockManager] Waiting to acquire shared lock on daemon addresses registry.
2026-03-15T10:20:28.802+0100 [DEBUG] [org.gradle.cache.internal.DefaultFileLockManager] Lock acquired on daemon addresses registry.
2026-03-15T10:20:28.802+0100 [DEBUG] [org.gradle.cache.internal.DefaultFileLockManager] Releasing lock on daemon addresses registry.
2026-03-15T10:20:28.803+0100 [DEBUG] [org.gradle.cache.internal.DefaultFileLockManager] Waiting to acquire shared lock on daemon addresses registry.
2026-03-15T10:20:28.803+0100 [DEBUG] [org.gradle.cache.internal.DefaultFileLockManager] Lock acquired on daemon addresses registry.
2026-03-15T10:20:28.803+0100 [DEBUG] [org.gradle.cache.internal.DefaultFileLockManager] Releasing lock on daemon addresses registry.
2026-03-15T10:20:28.804+0100 [DEBUG] [org.gradle.cache.internal.DefaultFileLockManager] Waiting to acquire shared lock on daemon addresses registry.
2026-03-15T10:20:28.804+0100 [DEBUG] [org.gradle.cache.internal.DefaultFileLockManager] Lock acquired on daemon addresses registry.
2026-03-15T10:20:28.804+0100 [DEBUG] [org.gradle.cache.internal.DefaultFileLockManager] Releasing lock on daemon addresses registry.
2026-03-15T10:20:38.803+0100 [DEBUG] [org.gradle.cache.internal.DefaultFileLockManager] Waiting to acquire shared lock on daemon addresses registry.
2026-03-15T10:20:38.803+0100 [DEBUG] [org.gradle.cache.internal.DefaultFileLockManager] Lock acquired on daemon addresses registry.
2026-03-15T10:20:38.803+0100 [DEBUG] [org.gradle.cache.internal.DefaultFileLockManager] Releasing lock on daemon addresses registry.
2026-03-15T10:20:38.804+0100 [DEBUG] [org.gradle.cache.internal.DefaultFileLockManager] Waiting to acquire shared lock on daemon addresses registry.
2026-03-15T10:20:38.804+0100 [DEBUG] [org.gradle.cache.internal.DefaultFileLockManager] Lock acquired on daemon addresses registry.
2026-03-15T10:20:38.804+0100 [DEBUG] [org.gradle.cache.internal.DefaultFileLockManager] Releasing lock on daemon addresses registry.
2026-03-15T10:20:38.805+0100 [DEBUG] [org.gradle.cache.internal.DefaultFileLockManager] Waiting to acquire shared lock on daemon addresses registry.
2026-03-15T10:20:38.805+0100 [DEBUG] [org.gradle.cache.internal.DefaultFileLockManager] Lock acquired on daemon addresses registry.
2026-03-15T10:20:38.805+0100 [DEBUG] [org.gradle.cache.internal.DefaultFileLockManager] Releasing lock on daemon addresses registry.
2026-03-15T10:20:48.803+0100 [DEBUG] [org.gradle.cache.internal.DefaultFileLockManager] Waiting to acquire shared lock on daemon addresses registry.
2026-03-15T10:20:48.804+0100 [DEBUG] [org.gradle.cache.internal.DefaultFileLockManager] Lock acquired on daemon addresses registry.
2026-03-15T10:20:48.804+0100 [DEBUG] [org.gradle.cache.internal.DefaultFileLockManager] Releasing lock on daemon addresses registry.
2026-03-15T10:20:48.805+0100 [DEBUG] [org.gradle.cache.internal.DefaultFileLockManager] Waiting to acquire shared lock on daemon addresses registry.
2026-03-15T10:20:48.805+0100 [DEBUG] [org.gradle.cache.internal.DefaultFileLockManager] Lock acquired on daemon addresses registry.
2026-03-15T10:20:48.805+0100 [DEBUG] [org.gradle.cache.internal.DefaultFileLockManager] Releasing lock on daemon addresses registry.
2026-03-15T10:20:48.806+0100 [DEBUG] [org.gradle.cache.internal.DefaultFileLockManager] Waiting to acquire shared lock on daemon addresses registry.
2026-03-15T10:20:48.806+0100 [DEBUG] [org.gradle.cache.internal.DefaultFileLockManager] Lock acquired on daemon addresses registry.
2026-03-15T10:20:48.806+0100 [DEBUG] [org.gradle.cache.internal.DefaultFileLockManager] Releasing lock on daemon addresses registry.
2026-03-15T10:20:58.815+0100 [DEBUG] [org.gradle.cache.internal.DefaultFileLockManager] Waiting to acquire shared lock on daemon addresses registry.
2026-03-15T10:20:58.815+0100 [DEBUG] [org.gradle.cache.internal.DefaultFileLockManager] Lock acquired on daemon addresses registry.
2026-03-15T10:20:58.816+0100 [DEBUG] [org.gradle.cache.internal.DefaultFileLockManager] Releasing lock on daemon addresses registry.
2026-03-15T10:20:58.817+0100 [DEBUG] [org.gradle.cache.internal.DefaultFileLockManager] Waiting to acquire shared lock on daemon addresses registry.
2026-03-15T10:20:58.817+0100 [DEBUG] [org.gradle.cache.internal.DefaultFileLockManager] Lock acquired on daemon addresses registry.
2026-03-15T10:20:58.817+0100 [DEBUG] [org.gradle.cache.internal.DefaultFileLockManager] Releasing lock on daemon addresses registry.
2026-03-15T10:20:58.818+0100 [DEBUG] [org.gradle.cache.internal.DefaultFileLockManager] Waiting to acquire shared lock on daemon addresses registry.
2026-03-15T10:20:58.819+0100 [DEBUG] [org.gradle.cache.internal.DefaultFileLockManager] Lock acquired on daemon addresses registry.
2026-03-15T10:20:58.819+0100 [DEBUG] [org.gradle.cache.internal.DefaultFileLockManager] Releasing lock on daemon addresses registry.
2026-03-15T10:21:08.803+0100 [DEBUG] [org.gradle.cache.internal.DefaultFileLockManager] Waiting to acquire shared lock on daemon addresses registry.
2026-03-15T10:21:08.803+0100 [DEBUG] [org.gradle.cache.internal.DefaultFileLockManager] Lock acquired on daemon addresses registry.
2026-03-15T10:21:08.804+0100 [DEBUG] [org.gradle.cache.internal.DefaultFileLockManager] Releasing lock on daemon addresses registry.
2026-03-15T10:21:08.804+0100 [DEBUG] [org.gradle.cache.internal.DefaultFileLockManager] Waiting to acquire shared lock on daemon addresses registry.
2026-03-15T10:21:08.805+0100 [DEBUG] [org.gradle.cache.internal.DefaultFileLockManager] Lock acquired on daemon addresses registry.
2026-03-15T10:21:08.805+0100 [DEBUG] [org.gradle.cache.internal.DefaultFileLockManager] Releasing lock on daemon addresses registry.
2026-03-15T10:21:08.806+0100 [DEBUG] [org.gradle.cache.internal.DefaultFileLockManager] Waiting to acquire shared lock on daemon addresses registry.
2026-03-15T10:21:08.806+0100 [DEBUG] [org.gradle.cache.internal.DefaultFileLockManager] Lock acquired on daemon addresses registry.
2026-03-15T10:21:08.807+0100 [DEBUG] [org.gradle.cache.internal.DefaultFileLockManager] Releasing lock on daemon addresses registry.
2026-03-15T10:21:18.807+0100 [DEBUG] [org.gradle.cache.internal.DefaultFileLockManager] Waiting to acquire shared lock on daemon addresses registry.
2026-03-15T10:21:18.807+0100 [DEBUG] [org.gradle.cache.internal.DefaultFileLockManager] Lock acquired on daemon addresses registry.
2026-03-15T10:21:18.808+0100 [DEBUG] [org.gradle.cache.internal.DefaultFileLockManager] Releasing lock on daemon addresses registry.
2026-03-15T10:21:18.809+0100 [DEBUG] [org.gradle.cache.internal.DefaultFileLockManager] Waiting to acquire shared lock on daemon addresses registry.
2026-03-15T10:21:18.810+0100 [DEBUG] [org.gradle.cache.internal.DefaultFileLockManager] Lock acquired on daemon addresses registry.
2026-03-15T10:21:18.811+0100 [DEBUG] [org.gradle.cache.internal.DefaultFileLockManager] Releasing lock on daemon addresses registry.
2026-03-15T10:21:18.813+0100 [DEBUG] [org.gradle.cache.internal.DefaultFileLockManager] Waiting to acquire shared lock on daemon addresses registry.
2026-03-15T10:21:18.813+0100 [DEBUG] [org.gradle.cache.internal.DefaultFileLockManager] Lock acquired on daemon addresses registry.
2026-03-15T10:21:18.814+0100 [DEBUG] [org.gradle.cache.internal.DefaultFileLockManager] Releasing lock on daemon addresses registry.
2026-03-15T10:21:28.815+0100 [DEBUG] [org.gradle.cache.internal.DefaultFileLockManager] Waiting to acquire shared lock on daemon addresses registry.
2026-03-15T10:21:28.816+0100 [DEBUG] [org.gradle.cache.internal.DefaultFileLockManager] Lock acquired on daemon addresses registry.
2026-03-15T10:21:28.816+0100 [DEBUG] [org.gradle.cache.internal.DefaultFileLockManager] Releasing lock on daemon addresses registry.
2026-03-15T10:21:28.818+0100 [DEBUG] [org.gradle.cache.internal.DefaultFileLockManager] Waiting to acquire shared lock on daemon addresses registry.
2026-03-15T10:21:28.819+0100 [DEBUG] [org.gradle.cache.internal.DefaultFileLockManager] Lock acquired on daemon addresses registry.
2026-03-15T10:21:28.819+0100 [DEBUG] [org.gradle.cache.internal.DefaultFileLockManager] Releasing lock on daemon addresses registry.
2026-03-15T10:21:28.821+0100 [DEBUG] [org.gradle.cache.internal.DefaultFileLockManager] Waiting to acquire shared lock on daemon addresses registry.
2026-03-15T10:21:28.821+0100 [DEBUG] [org.gradle.cache.internal.DefaultFileLockManager] Lock acquired on daemon addresses registry.
2026-03-15T10:21:28.821+0100 [DEBUG] [org.gradle.cache.internal.DefaultFileLockManager] Releasing lock on daemon addresses registry.
2026-03-15T10:21:38.815+0100 [DEBUG] [org.gradle.cache.internal.DefaultFileLockManager] Waiting to acquire shared lock on daemon addresses registry.
2026-03-15T10:21:38.816+0100 [DEBUG] [org.gradle.cache.internal.DefaultFileLockManager] Lock acquired on daemon addresses registry.
2026-03-15T10:21:38.816+0100 [DEBUG] [org.gradle.cache.internal.DefaultFileLockManager] Releasing lock on daemon addresses registry.
2026-03-15T10:21:38.818+0100 [DEBUG] [org.gradle.cache.internal.DefaultFileLockManager] Waiting to acquire shared lock on daemon addresses registry.
2026-03-15T10:21:38.818+0100 [DEBUG] [org.gradle.cache.internal.DefaultFileLockManager] Lock acquired on daemon addresses registry.
2026-03-15T10:21:38.818+0100 [DEBUG] [org.gradle.cache.internal.DefaultFileLockManager] Releasing lock on daemon addresses registry.
2026-03-15T10:21:38.820+0100 [DEBUG] [org.gradle.cache.internal.DefaultFileLockManager] Waiting to acquire shared lock on daemon addresses registry.
2026-03-15T10:21:38.820+0100 [DEBUG] [org.gradle.cache.internal.DefaultFileLockManager] Lock acquired on daemon addresses registry.
2026-03-15T10:21:38.821+0100 [DEBUG] [org.gradle.cache.internal.DefaultFileLockManager] Releasing lock on daemon addresses registry.
2026-03-15T10:21:48.814+0100 [DEBUG] [org.gradle.cache.internal.DefaultFileLockManager] Waiting to acquire shared lock on daemon addresses registry.
2026-03-15T10:21:48.815+0100 [DEBUG] [org.gradle.cache.internal.DefaultFileLockManager] Lock acquired on daemon addresses registry.
2026-03-15T10:21:48.816+0100 [DEBUG] [org.gradle.cache.internal.DefaultFileLockManager] Releasing lock on daemon addresses registry.
2026-03-15T10:21:48.818+0100 [DEBUG] [org.gradle.cache.internal.DefaultFileLockManager] Waiting to acquire shared lock on daemon addresses registry.
2026-03-15T10:21:48.818+0100 [DEBUG] [org.gradle.cache.internal.DefaultFileLockManager] Lock acquired on daemon addresses registry.
2026-03-15T10:21:48.819+0100 [DEBUG] [org.gradle.cache.internal.DefaultFileLockManager] Releasing lock on daemon addresses registry.
2026-03-15T10:21:48.821+0100 [DEBUG] [org.gradle.cache.internal.DefaultFileLockManager] Waiting to acquire shared lock on daemon addresses registry.
2026-03-15T10:21:48.822+0100 [DEBUG] [org.gradle.cache.internal.DefaultFileLockManager] Lock acquired on daemon addresses registry.
2026-03-15T10:21:48.822+0100 [DEBUG] [org.gradle.cache.internal.DefaultFileLockManager] Releasing lock on daemon addresses registry.
2026-03-15T10:21:58.805+0100 [DEBUG] [org.gradle.cache.internal.DefaultFileLockManager] Waiting to acquire shared lock on daemon addresses registry.
2026-03-15T10:21:58.806+0100 [DEBUG] [org.gradle.cache.internal.DefaultFileLockManager] Lock acquired on daemon addresses registry.
2026-03-15T10:21:58.809+0100 [DEBUG] [org.gradle.cache.internal.DefaultFileLockManager] Releasing lock on daemon addresses registry.
2026-03-15T10:21:58.811+0100 [DEBUG] [org.gradle.cache.internal.DefaultFileLockManager] Waiting to acquire shared lock on daemon addresses registry.
2026-03-15T10:21:58.811+0100 [DEBUG] [org.gradle.cache.internal.DefaultFileLockManager] Lock acquired on daemon addresses registry.
2026-03-15T10:21:58.812+0100 [DEBUG] [org.gradle.cache.internal.DefaultFileLockManager] Releasing lock on daemon addresses registry.
2026-03-15T10:21:58.813+0100 [DEBUG] [org.gradle.cache.internal.DefaultFileLockManager] Waiting to acquire shared lock on daemon addresses registry.
2026-03-15T10:21:58.814+0100 [DEBUG] [org.gradle.cache.internal.DefaultFileLockManager] Lock acquired on daemon addresses registry.
2026-03-15T10:21:58.814+0100 [DEBUG] [org.gradle.cache.internal.DefaultFileLockManager] Releasing lock on daemon addresses registry.
2026-03-15T10:22:08.802+0100 [DEBUG] [org.gradle.cache.internal.DefaultFileLockManager] Waiting to acquire shared lock on daemon addresses registry.
2026-03-15T10:22:08.802+0100 [DEBUG] [org.gradle.cache.internal.DefaultFileLockManager] Lock acquired on daemon addresses registry.
2026-03-15T10:22:08.802+0100 [DEBUG] [org.gradle.cache.internal.DefaultFileLockManager] Releasing lock on daemon addresses registry.
2026-03-15T10:22:08.803+0100 [DEBUG] [org.gradle.cache.internal.DefaultFileLockManager] Waiting to acquire shared lock on daemon addresses registry.
2026-03-15T10:22:08.804+0100 [DEBUG] [org.gradle.cache.internal.DefaultFileLockManager] Lock acquired on daemon addresses registry.
2026-03-15T10:22:08.804+0100 [DEBUG] [org.gradle.cache.internal.DefaultFileLockManager] Releasing lock on daemon addresses registry.
2026-03-15T10:22:08.804+0100 [DEBUG] [org.gradle.cache.internal.DefaultFileLockManager] Waiting to acquire shared lock on daemon addresses registry.
2026-03-15T10:22:08.804+0100 [DEBUG] [org.gradle.cache.internal.DefaultFileLockManager] Lock acquired on daemon addresses registry.
2026-03-15T10:22:08.805+0100 [DEBUG] [org.gradle.cache.internal.DefaultFileLockManager] Releasing lock on daemon addresses registry.
2026-03-15T10:22:18.816+0100 [DEBUG] [org.gradle.cache.internal.DefaultFileLockManager] Waiting to acquire shared lock on daemon addresses registry.
2026-03-15T10:22:18.816+0100 [DEBUG] [org.gradle.cache.internal.DefaultFileLockManager] Lock acquired on daemon addresses registry.
2026-03-15T10:22:18.816+0100 [DEBUG] [org.gradle.cache.internal.DefaultFileLockManager] Releasing lock on daemon addresses registry.
2026-03-15T10:22:18.818+0100 [DEBUG] [org.gradle.cache.internal.DefaultFileLockManager] Waiting to acquire shared lock on daemon addresses registry.
2026-03-15T10:22:18.818+0100 [DEBUG] [org.gradle.cache.internal.DefaultFileLockManager] Lock acquired on daemon addresses registry.
2026-03-15T10:22:18.819+0100 [DEBUG] [org.gradle.cache.internal.DefaultFileLockManager] Releasing lock on daemon addresses registry.
2026-03-15T10:22:18.820+0100 [DEBUG] [org.gradle.cache.internal.DefaultFileLockManager] Waiting to acquire shared lock on daemon addresses registry.
2026-03-15T10:22:18.820+0100 [DEBUG] [org.gradle.cache.internal.DefaultFileLockManager] Lock acquired on daemon addresses registry.
2026-03-15T10:22:18.820+0100 [DEBUG] [org.gradle.cache.internal.DefaultFileLockManager] Releasing lock on daemon addresses registry.
2026-03-15T10:22:28.809+0100 [DEBUG] [org.gradle.cache.internal.DefaultFileLockManager] Waiting to acquire shared lock on daemon addresses registry.
2026-03-15T10:22:28.809+0100 [DEBUG] [org.gradle.cache.internal.DefaultFileLockManager] Lock acquired on daemon addresses registry.
2026-03-15T10:22:28.809+0100 [DEBUG] [org.gradle.cache.internal.DefaultFileLockManager] Releasing lock on daemon addresses registry.
2026-03-15T10:22:28.811+0100 [DEBUG] [org.gradle.cache.internal.DefaultFileLockManager] Waiting to acquire shared lock on daemon addresses registry.
2026-03-15T10:22:28.812+0100 [DEBUG] [org.gradle.cache.internal.DefaultFileLockManager] Lock acquired on daemon addresses registry.
2026-03-15T10:22:28.812+0100 [DEBUG] [org.gradle.cache.internal.DefaultFileLockManager] Releasing lock on daemon addresses registry.
2026-03-15T10:22:28.814+0100 [DEBUG] [org.gradle.cache.internal.DefaultFileLockManager] Waiting to acquire shared lock on daemon addresses registry.
2026-03-15T10:22:28.814+0100 [DEBUG] [org.gradle.cache.internal.DefaultFileLockManager] Lock acquired on daemon addresses registry.
2026-03-15T10:22:28.814+0100 [DEBUG] [org.gradle.cache.internal.DefaultFileLockManager] Releasing lock on daemon addresses registry.
2026-03-15T10:22:38.814+0100 [DEBUG] [org.gradle.cache.internal.DefaultFileLockManager] Waiting to acquire shared lock on daemon addresses registry.
2026-03-15T10:22:38.815+0100 [DEBUG] [org.gradle.cache.internal.DefaultFileLockManager] Lock acquired on daemon addresses registry.
2026-03-15T10:22:38.816+0100 [DEBUG] [org.gradle.cache.internal.DefaultFileLockManager] Releasing lock on daemon addresses registry.
2026-03-15T10:22:38.816+0100 [DEBUG] [org.gradle.cache.internal.DefaultFileLockManager] Waiting to acquire shared lock on daemon addresses registry.
2026-03-15T10:22:38.817+0100 [DEBUG] [org.gradle.cache.internal.DefaultFileLockManager] Lock acquired on daemon addresses registry.
2026-03-15T10:22:38.817+0100 [DEBUG] [org.gradle.cache.internal.DefaultFileLockManager] Releasing lock on daemon addresses registry.
2026-03-15T10:22:38.817+0100 [DEBUG] [org.gradle.cache.internal.DefaultFileLockManager] Waiting to acquire shared lock on daemon addresses registry.
2026-03-15T10:22:38.818+0100 [DEBUG] [org.gradle.cache.internal.DefaultFileLockManager] Lock acquired on daemon addresses registry.
2026-03-15T10:22:38.819+0100 [DEBUG] [org.gradle.cache.internal.DefaultFileLockManager] Releasing lock on daemon addresses registry.
2026-03-15T10:22:48.808+0100 [DEBUG] [org.gradle.cache.internal.DefaultFileLockManager] Waiting to acquire shared lock on daemon addresses registry.
2026-03-15T10:22:48.808+0100 [DEBUG] [org.gradle.cache.internal.DefaultFileLockManager] Lock acquired on daemon addresses registry.
2026-03-15T10:22:48.809+0100 [DEBUG] [org.gradle.cache.internal.DefaultFileLockManager] Releasing lock on daemon addresses registry.
2026-03-15T10:22:48.809+0100 [DEBUG] [org.gradle.cache.internal.DefaultFileLockManager] Waiting to acquire shared lock on daemon addresses registry.
2026-03-15T10:22:48.810+0100 [DEBUG] [org.gradle.cache.internal.DefaultFileLockManager] Lock acquired on daemon addresses registry.
2026-03-15T10:22:48.810+0100 [DEBUG] [org.gradle.cache.internal.DefaultFileLockManager] Releasing lock on daemon addresses registry.
2026-03-15T10:22:48.810+0100 [DEBUG] [org.gradle.cache.internal.DefaultFileLockManager] Waiting to acquire shared lock on daemon addresses registry.
2026-03-15T10:22:48.810+0100 [DEBUG] [org.gradle.cache.internal.DefaultFileLockManager] Lock acquired on daemon addresses registry.
2026-03-15T10:22:48.811+0100 [DEBUG] [org.gradle.cache.internal.DefaultFileLockManager] Releasing lock on daemon addresses registry.
2026-03-15T10:22:55.185+0100 [DEBUG] [org.gradle.internal.remote.internal.inet.TcpIncomingConnector] Accepted connection from /127.0.0.1:56647 to /127.0.0.1:63332.
2026-03-15T10:22:55.189+0100 [DEBUG] [org.gradle.launcher.daemon.server.SynchronizedDispatchConnection] thread 333: received class org.gradle.launcher.daemon.protocol.Build
2026-03-15T10:22:55.189+0100 [DEBUG] [org.gradle.launcher.daemon.server.DefaultDaemonConnection] thread 333: Received non-IO message from client: Build{id=3f83fb71-99e0-4b87-9483-85824038bfea, currentDir=C:\Users\vafeh\Documents\Nueva carpeta\Nueva carpeta\UnicowebFunciona150326}
2026-03-15T10:22:55.189+0100 [INFO] [org.gradle.launcher.daemon.server.DefaultIncomingConnectionHandler] Received command: Build{id=3f83fb71-99e0-4b87-9483-85824038bfea, currentDir=C:\Users\vafeh\Documents\Nueva carpeta\Nueva carpeta\UnicowebFunciona150326}.
2026-03-15T10:22:55.189+0100 [DEBUG] [org.gradle.launcher.daemon.server.DefaultIncomingConnectionHandler] Starting executing command: Build{id=3f83fb71-99e0-4b87-9483-85824038bfea, currentDir=C:\Users\vafeh\Documents\Nueva carpeta\Nueva carpeta\UnicowebFunciona150326} with connection: socket connection from /127.0.0.1:63332 to /127.0.0.1:56647.
2026-03-15T10:22:55.190+0100 [DEBUG] [org.gradle.launcher.daemon.server.DaemonStateCoordinator] Command execution: started DaemonCommandExecution[command = Build{id=3f83fb71-99e0-4b87-9483-85824038bfea, currentDir=C:\Users\vafeh\Documents\Nueva carpeta\Nueva carpeta\UnicowebFunciona150326}, connection = DefaultDaemonConnection: socket connection from /127.0.0.1:63332 to /127.0.0.1:56647] after 2.7253166666666666 minutes of idle
2026-03-15T10:22:55.190+0100 [INFO] [org.gradle.launcher.daemon.server.DaemonRegistryUpdater] Marking the daemon as busy, address: [49d457db-9532-498e-915f-7dbda45419b4 port:63332, addresses:[localhost/127.0.0.1]]
2026-03-15T10:22:55.190+0100 [DEBUG] [org.gradle.launcher.daemon.registry.PersistentDaemonRegistry] Marking busy by address: [49d457db-9532-498e-915f-7dbda45419b4 port:63332, addresses:[localhost/127.0.0.1]]
2026-03-15T10:22:55.190+0100 [DEBUG] [org.gradle.cache.internal.DefaultFileLockManager] Waiting to acquire exclusive lock on daemon addresses registry.
2026-03-15T10:22:55.190+0100 [DEBUG] [org.gradle.cache.internal.DefaultFileLockManager] Lock acquired on daemon addresses registry.
2026-03-15T10:22:55.191+0100 [DEBUG] [org.gradle.cache.internal.DefaultFileLockManager] Releasing lock on daemon addresses registry.
2026-03-15T10:22:55.191+0100 [DEBUG] [org.gradle.launcher.daemon.server.DaemonStateCoordinator] resetting idle timer
2026-03-15T10:22:55.191+0100 [DEBUG] [org.gradle.launcher.daemon.server.DaemonStateCoordinator] daemon is running. Sleeping until state changes.
2026-03-15T10:22:55.191+0100 [INFO] [org.gradle.launcher.daemon.server.exec.StartBuildOrRespondWithBusy] Daemon is about to start building Build{id=3f83fb71-99e0-4b87-9483-85824038bfea, currentDir=C:\Users\vafeh\Documents\Nueva carpeta\Nueva carpeta\UnicowebFunciona150326}. Dispatching build started information...
2026-03-15T10:22:55.191+0100 [DEBUG] [org.gradle.launcher.daemon.server.SynchronizedDispatchConnection] thread 335: dispatching org.gradle.launcher.daemon.protocol.BuildStarted@553539e6
2026-03-15T10:22:55.192+0100 [DEBUG] [org.gradle.launcher.daemon.server.exec.EstablishBuildEnvironment] Configuring env variables: [EFC_11656_1592913036, USERDOMAIN_ROAMINGPROFILE, PROCESSOR_LEVEL, SESSIONNAME, ALLUSERSPROFILE, PROCESSOR_ARCHITECTURE, PSModulePath, SystemDrive, EFC_11656_2283032206, USERNAME, EFC_11656_1262719628, LEVEL_ZERO_V1_SDK_PATH, ProgramFiles(x86), FPS_BROWSER_USER_PROFILE_STRING, PATHEXT, DriverData, ProgramData, ProgramW6432, HOMEPATH, PROCESSOR_IDENTIFIER, POWERSHELL_DISTRIBUTION_CHANNEL, ProgramFiles, PUBLIC, windir, =::, ZES_ENABLE_SYSMAN, LOCALAPPDATA, ChocolateyLastPathUpdate, USERDOMAIN, LOGONSERVER, FPS_BROWSER_APP_PROFILE_STRING, JAVA_HOME, asl.log, git, OneDrive, APPDATA, EFC_11656_3789132940, ChocolateyInstall, CommonProgramFiles, Path, OS, COMPUTERNAME, PROCESSOR_REVISION, CommonProgramW6432, ComSpec, TEMP, SystemRoot, HOMEDRIVE, USERPROFILE, TMP, CommonProgramFiles(x86), NUMBER_OF_PROCESSORS]
2026-03-15T10:22:55.193+0100 [DEBUG] [org.gradle.launcher.daemon.server.exec.LogToClient] About to start relaying all logs to the client via the connection.
2026-03-15T10:22:55.193+0100 [INFO] [org.gradle.launcher.daemon.server.exec.LogToClient] The client will now receive all logging from the daemon (pid: 46808). The daemon log file: C:\Users\vafeh\Documents\Nueva carpeta\Nueva carpeta\UnicowebFunciona150326\daemon\9.0-milestone-1\daemon-46808.out.log
2026-03-15T10:22:55.193+0100 [INFO] [org.gradle.launcher.daemon.server.exec.LogAndCheckHealth] Starting 3rd build in daemon [uptime: 4 mins 36.576 secs, performance: 99%, GC rate: 0.00/s, heap usage: 0% of 2 GiB]
2026-03-15T10:22:55.193+0100 [DEBUG] [org.gradle.launcher.daemon.server.exec.ExecuteBuild] The daemon has started executing the build.
2026-03-15T10:22:55.193+0100 [DEBUG] [org.gradle.launcher.daemon.server.exec.ExecuteBuild] Executing build with daemon context: DefaultDaemonContext[uid=cc8c92da-7fe3-49fd-a2cc-b0f8296048f7,javaHome=C:\Program Files\Android\Android Studio\jbr,javaVersion=21,javaVendor=JetBrains s.r.o.,daemonRegistryDir=C:\Users\vafeh\Documents\Nueva carpeta\Nueva carpeta\UnicowebFunciona150326\daemon,pid=46808,idleTimeout=10800000,priority=NORMAL,applyInstrumentationAgent=true,nativeServicesMode=ENABLED,daemonOpts=-Xmx2048m,-Dfile.encoding=UTF-8,-Duser.country=ES,-Duser.language=es,-Duser.variant]

BUILD SUCCESSFUL in 371ms
2026-03-15T10:22:55.585+0100 [DEBUG] [org.gradle.launcher.daemon.server.exec.ExecuteBuild] The daemon has finished executing the build.
2026-03-15T10:22:55.601+0100 [DEBUG] [org.gradle.launcher.daemon.server.DaemonStateCoordinator] daemon is running. Sleeping until state changes.
2026-03-15T10:22:55.601+0100 [DEBUG] [org.gradle.launcher.daemon.server.DaemonStateCoordinator] Command execution: finished waiting for DaemonCommandExecution[command = Build{id=3f83fb71-99e0-4b87-9483-85824038bfea, currentDir=C:\Users\vafeh\Documents\Nueva carpeta\Nueva carpeta\UnicowebFunciona150326}, connection = DefaultDaemonConnection: socket connection from /127.0.0.1:63332 to /127.0.0.1:56647]. Result org.gradle.launcher.daemon.server.DaemonStateCoordinator@1586e7be with state Busy
2026-03-15T10:22:55.601+0100 [DEBUG] [org.gradle.launcher.daemon.server.DaemonStateCoordinator] Command execution: completed DaemonCommandExecution[command = Build{id=3f83fb71-99e0-4b87-9483-85824038bfea, currentDir=C:\Users\vafeh\Documents\Nueva carpeta\Nueva carpeta\UnicowebFunciona150326}, connection = DefaultDaemonConnection: socket connection from /127.0.0.1:63332 to /127.0.0.1:56647]
2026-03-15T10:22:55.601+0100 [DEBUG] [org.gradle.launcher.daemon.server.DaemonStateCoordinator] resetting idle timer
2026-03-15T10:22:55.601+0100 [INFO] [org.gradle.launcher.daemon.server.DaemonRegistryUpdater] Marking the daemon as idle, address: [49d457db-9532-498e-915f-7dbda45419b4 port:63332, addresses:[localhost/127.0.0.1]]
2026-03-15T10:22:55.601+0100 [DEBUG] [org.gradle.launcher.daemon.registry.PersistentDaemonRegistry] Marking busy by address: [49d457db-9532-498e-915f-7dbda45419b4 port:63332, addresses:[localhost/127.0.0.1]]
2026-03-15T10:22:55.602+0100 [DEBUG] [org.gradle.cache.internal.DefaultFileLockManager] Waiting to acquire exclusive lock on daemon addresses registry.
2026-03-15T10:22:55.602+0100 [DEBUG] [org.gradle.cache.internal.DefaultFileLockManager] Lock acquired on daemon addresses registry.
2026-03-15T10:22:55.603+0100 [DEBUG] [org.gradle.cache.internal.DefaultFileLockManager] Releasing lock on daemon addresses registry.
2026-03-15T10:22:55.604+0100 [DEBUG] [org.gradle.launcher.daemon.server.DaemonStateCoordinator] daemon is running. Sleeping until state changes.
2026-03-15T10:22:55.604+0100 [DEBUG] [org.gradle.launcher.daemon.server.exec.ReturnResult] Daemon is dispatching the build result: Success[value=org.gradle.launcher.exec.BuildActionResult@7ffdef46]
2026-03-15T10:22:55.604+0100 [DEBUG] [org.gradle.launcher.daemon.server.SynchronizedDispatchConnection] thread 332: dispatching Success[value=org.gradle.launcher.exec.BuildActionResult@7ffdef46]
2026-03-15T10:22:55.604+0100 [DEBUG] [org.gradle.launcher.daemon.server.DefaultIncomingConnectionHandler] Finishing executing command: Build{id=3f83fb71-99e0-4b87-9483-85824038bfea, currentDir=C:\Users\vafeh\Documents\Nueva carpeta\Nueva carpeta\UnicowebFunciona150326}
2026-03-15T10:22:55.604+0100 [DEBUG] [org.gradle.launcher.daemon.server.SynchronizedDispatchConnection] thread 333: received class org.gradle.launcher.daemon.protocol.CloseInput
2026-03-15T10:22:55.604+0100 [DEBUG] [org.gradle.launcher.daemon.server.exec.CleanUpVirtualFileSystemAfterBuild] Cleaning virtual file system after build finished
2026-03-15T10:22:55.605+0100 [DEBUG] [org.gradle.launcher.daemon.server.DefaultDaemonConnection] thread 333: Received IO message from client: org.gradle.launcher.daemon.protocol.CloseInput@4bd748bc
2026-03-15T10:22:55.605+0100 [DEBUG] [org.gradle.launcher.daemon.server.SynchronizedDispatchConnection] thread 333: received class org.gradle.launcher.daemon.protocol.Finished
2026-03-15T10:22:55.605+0100 [DEBUG] [org.gradle.launcher.daemon.server.DefaultDaemonConnection] thread 333: Received non-IO message from client: org.gradle.launcher.daemon.protocol.Finished@4510bfb6
2026-03-15T10:22:55.605+0100 [DEBUG] [org.gradle.launcher.daemon.server.DefaultIncomingConnectionHandler] Received finished message: org.gradle.launcher.daemon.protocol.Finished@4510bfb6
2026-03-15T10:22:55.605+0100 [DEBUG] [org.gradle.launcher.daemon.server.SynchronizedDispatchConnection] thread 332: stopping connection
2026-03-15T10:22:55.605+0100 [DEBUG] [org.gradle.internal.remote.internal.inet.SocketConnection] Discarding EOFException: java.io.EOFException
2026-03-15T10:22:55.605+0100 [DEBUG] [org.gradle.launcher.daemon.server.SynchronizedDispatchConnection] thread 333: received null
2026-03-15T10:22:55.605+0100 [DEBUG] [org.gradle.launcher.daemon.server.DefaultDaemonConnection] thread 333: Received end-of-input from client.
2026-03-15T10:22:55.605+0100 [DEBUG] [org.gradle.launcher.daemon.server.SynchronizedDispatchConnection] thread 332: stopping connection
2026-03-15T10:22:58.804+0100 [DEBUG] [org.gradle.cache.internal.DefaultFileLockManager] Waiting to acquire shared lock on daemon addresses registry.
2026-03-15T10:22:58.804+0100 [DEBUG] [org.gradle.cache.internal.DefaultFileLockManager] Lock acquired on daemon addresses registry.
2026-03-15T10:22:58.804+0100 [DEBUG] [org.gradle.cache.internal.DefaultFileLockManager] Releasing lock on daemon addresses registry.
2026-03-15T10:22:58.805+0100 [DEBUG] [org.gradle.cache.internal.DefaultFileLockManager] Waiting to acquire shared lock on daemon addresses registry.
2026-03-15T10:22:58.805+0100 [DEBUG] [org.gradle.cache.internal.DefaultFileLockManager] Lock acquired on daemon addresses registry.
2026-03-15T10:22:58.805+0100 [DEBUG] [org.gradle.cache.internal.DefaultFileLockManager] Releasing lock on daemon addresses registry.
2026-03-15T10:23:08.806+0100 [DEBUG] [org.gradle.cache.internal.DefaultFileLockManager] Waiting to acquire shared lock on daemon addresses registry.
2026-03-15T10:23:08.807+0100 [DEBUG] [org.gradle.cache.internal.DefaultFileLockManager] Lock acquired on daemon addresses registry.
2026-03-15T10:23:08.807+0100 [DEBUG] [org.gradle.cache.internal.DefaultFileLockManager] Releasing lock on daemon addresses registry.
2026-03-15T10:23:08.809+0100 [DEBUG] [org.gradle.cache.internal.DefaultFileLockManager] Waiting to acquire shared lock on daemon addresses registry.
2026-03-15T10:23:08.809+0100 [DEBUG] [org.gradle.cache.internal.DefaultFileLockManager] Lock acquired on daemon addresses registry.
2026-03-15T10:23:08.810+0100 [DEBUG] [org.gradle.cache.internal.DefaultFileLockManager] Releasing lock on daemon addresses registry.
2026-03-15T10:23:08.811+0100 [DEBUG] [org.gradle.cache.internal.DefaultFileLockManager] Waiting to acquire shared lock on daemon addresses registry.
2026-03-15T10:23:08.812+0100 [DEBUG] [org.gradle.cache.internal.DefaultFileLockManager] Lock acquired on daemon addresses registry.
2026-03-15T10:23:08.812+0100 [DEBUG] [org.gradle.cache.internal.DefaultFileLockManager] Releasing lock on daemon addresses registry.
2026-03-15T10:23:18.800+0100 [DEBUG] [org.gradle.cache.internal.DefaultFileLockManager] Waiting to acquire shared lock on daemon addresses registry.
2026-03-15T10:23:18.800+0100 [DEBUG] [org.gradle.cache.internal.DefaultFileLockManager] Lock acquired on daemon addresses registry.
2026-03-15T10:23:18.801+0100 [DEBUG] [org.gradle.cache.internal.DefaultFileLockManager] Releasing lock on daemon addresses registry.
2026-03-15T10:23:18.801+0100 [DEBUG] [org.gradle.cache.internal.DefaultFileLockManager] Waiting to acquire shared lock on daemon addresses registry.
2026-03-15T10:23:18.801+0100 [DEBUG] [org.gradle.cache.internal.DefaultFileLockManager] Lock acquired on daemon addresses registry.
2026-03-15T10:23:18.801+0100 [DEBUG] [org.gradle.cache.internal.DefaultFileLockManager] Releasing lock on daemon addresses registry.
2026-03-15T10:23:18.802+0100 [DEBUG] [org.gradle.cache.internal.DefaultFileLockManager] Waiting to acquire shared lock on daemon addresses registry.
2026-03-15T10:23:18.802+0100 [DEBUG] [org.gradle.cache.internal.DefaultFileLockManager] Lock acquired on daemon addresses registry.
2026-03-15T10:23:18.802+0100 [DEBUG] [org.gradle.cache.internal.DefaultFileLockManager] Releasing lock on daemon addresses registry.
2026-03-15T10:23:28.805+0100 [DEBUG] [org.gradle.cache.internal.DefaultFileLockManager] Waiting to acquire shared lock on daemon addresses registry.
2026-03-15T10:23:28.805+0100 [DEBUG] [org.gradle.cache.internal.DefaultFileLockManager] Lock acquired on daemon addresses registry.
2026-03-15T10:23:28.805+0100 [DEBUG] [org.gradle.cache.internal.DefaultFileLockManager] Releasing lock on daemon addresses registry.
2026-03-15T10:23:28.807+0100 [DEBUG] [org.gradle.cache.internal.DefaultFileLockManager] Waiting to acquire shared lock on daemon addresses registry.
2026-03-15T10:23:28.807+0100 [DEBUG] [org.gradle.cache.internal.DefaultFileLockManager] Lock acquired on daemon addresses registry.
2026-03-15T10:23:28.808+0100 [DEBUG] [org.gradle.cache.internal.DefaultFileLockManager] Releasing lock on daemon addresses registry.
2026-03-15T10:23:28.809+0100 [DEBUG] [org.gradle.cache.internal.DefaultFileLockManager] Waiting to acquire shared lock on daemon addresses registry.
2026-03-15T10:23:28.809+0100 [DEBUG] [org.gradle.cache.internal.DefaultFileLockManager] Lock acquired on daemon addresses registry.
2026-03-15T10:23:28.809+0100 [DEBUG] [org.gradle.cache.internal.DefaultFileLockManager] Releasing lock on daemon addresses registry.
2026-03-15T10:23:38.810+0100 [DEBUG] [org.gradle.cache.internal.DefaultFileLockManager] Waiting to acquire shared lock on daemon addresses registry.
2026-03-15T10:23:38.811+0100 [DEBUG] [org.gradle.cache.internal.DefaultFileLockManager] Lock acquired on daemon addresses registry.
2026-03-15T10:23:38.811+0100 [DEBUG] [org.gradle.cache.internal.DefaultFileLockManager] Releasing lock on daemon addresses registry.
2026-03-15T10:23:38.811+0100 [DEBUG] [org.gradle.cache.internal.DefaultFileLockManager] Waiting to acquire shared lock on daemon addresses registry.
2026-03-15T10:23:38.812+0100 [DEBUG] [org.gradle.cache.internal.DefaultFileLockManager] Lock acquired on daemon addresses registry.
2026-03-15T10:23:38.812+0100 [DEBUG] [org.gradle.cache.internal.DefaultFileLockManager] Releasing lock on daemon addresses registry.
2026-03-15T10:23:38.812+0100 [DEBUG] [org.gradle.cache.internal.DefaultFileLockManager] Waiting to acquire shared lock on daemon addresses registry.
2026-03-15T10:23:38.812+0100 [DEBUG] [org.gradle.cache.internal.DefaultFileLockManager] Lock acquired on daemon addresses registry.
2026-03-15T10:23:38.812+0100 [DEBUG] [org.gradle.cache.internal.DefaultFileLockManager] Releasing lock on daemon addresses registry.
2026-03-15T10:23:48.804+0100 [DEBUG] [org.gradle.cache.internal.DefaultFileLockManager] Waiting to acquire shared lock on daemon addresses registry.
2026-03-15T10:23:48.804+0100 [DEBUG] [org.gradle.cache.internal.DefaultFileLockManager] Lock acquired on daemon addresses registry.
2026-03-15T10:23:48.804+0100 [DEBUG] [org.gradle.cache.internal.DefaultFileLockManager] Releasing lock on daemon addresses registry.
2026-03-15T10:23:48.805+0100 [DEBUG] [org.gradle.cache.internal.DefaultFileLockManager] Waiting to acquire shared lock on daemon addresses registry.
2026-03-15T10:23:48.805+0100 [DEBUG] [org.gradle.cache.internal.DefaultFileLockManager] Lock acquired on daemon addresses registry.
2026-03-15T10:23:48.805+0100 [DEBUG] [org.gradle.cache.internal.DefaultFileLockManager] Releasing lock on daemon addresses registry.
2026-03-15T10:23:48.805+0100 [DEBUG] [org.gradle.cache.internal.DefaultFileLockManager] Waiting to acquire shared lock on daemon addresses registry.
2026-03-15T10:23:48.806+0100 [DEBUG] [org.gradle.cache.internal.DefaultFileLockManager] Lock acquired on daemon addresses registry.
2026-03-15T10:23:48.806+0100 [DEBUG] [org.gradle.cache.internal.DefaultFileLockManager] Releasing lock on daemon addresses registry.
2026-03-15T10:23:58.803+0100 [DEBUG] [org.gradle.cache.internal.DefaultFileLockManager] Waiting to acquire shared lock on daemon addresses registry.
2026-03-15T10:23:58.803+0100 [DEBUG] [org.gradle.cache.internal.DefaultFileLockManager] Lock acquired on daemon addresses registry.
2026-03-15T10:23:58.804+0100 [DEBUG] [org.gradle.cache.internal.DefaultFileLockManager] Releasing lock on daemon addresses registry.
2026-03-15T10:23:58.805+0100 [DEBUG] [org.gradle.cache.internal.DefaultFileLockManager] Waiting to acquire shared lock on daemon addresses registry.
2026-03-15T10:23:58.805+0100 [DEBUG] [org.gradle.cache.internal.DefaultFileLockManager] Lock acquired on daemon addresses registry.
2026-03-15T10:23:58.805+0100 [DEBUG] [org.gradle.cache.internal.DefaultFileLockManager] Releasing lock on daemon addresses registry.
2026-03-15T10:23:58.806+0100 [DEBUG] [org.gradle.cache.internal.DefaultFileLockManager] Waiting to acquire shared lock on daemon addresses registry.
2026-03-15T10:23:58.806+0100 [DEBUG] [org.gradle.cache.internal.DefaultFileLockManager] Lock acquired on daemon addresses registry.
2026-03-15T10:23:58.806+0100 [DEBUG] [org.gradle.cache.internal.DefaultFileLockManager] Releasing lock on daemon addresses registry.
2026-03-15T10:24:08.801+0100 [DEBUG] [org.gradle.cache.internal.DefaultFileLockManager] Waiting to acquire shared lock on daemon addresses registry.
2026-03-15T10:24:08.801+0100 [DEBUG] [org.gradle.cache.internal.DefaultFileLockManager] Lock acquired on daemon addresses registry.
2026-03-15T10:24:08.801+0100 [DEBUG] [org.gradle.cache.internal.DefaultFileLockManager] Releasing lock on daemon addresses registry.
2026-03-15T10:24:08.802+0100 [DEBUG] [org.gradle.cache.internal.DefaultFileLockManager] Waiting to acquire shared lock on daemon addresses registry.
2026-03-15T10:24:08.802+0100 [DEBUG] [org.gradle.cache.internal.DefaultFileLockManager] Lock acquired on daemon addresses registry.
2026-03-15T10:24:08.802+0100 [DEBUG] [org.gradle.cache.internal.DefaultFileLockManager] Releasing lock on daemon addresses registry.
2026-03-15T10:24:08.803+0100 [DEBUG] [org.gradle.cache.internal.DefaultFileLockManager] Waiting to acquire shared lock on daemon addresses registry.
2026-03-15T10:24:08.803+0100 [DEBUG] [org.gradle.cache.internal.DefaultFileLockManager] Lock acquired on daemon addresses registry.
2026-03-15T10:24:08.803+0100 [DEBUG] [org.gradle.cache.internal.DefaultFileLockManager] Releasing lock on daemon addresses registry.
2026-03-15T10:24:18.812+0100 [DEBUG] [org.gradle.cache.internal.DefaultFileLockManager] Waiting to acquire shared lock on daemon addresses registry.
2026-03-15T10:24:18.813+0100 [DEBUG] [org.gradle.cache.internal.DefaultFileLockManager] Lock acquired on daemon addresses registry.
2026-03-15T10:24:18.813+0100 [DEBUG] [org.gradle.cache.internal.DefaultFileLockManager] Releasing lock on daemon addresses registry.
2026-03-15T10:24:18.815+0100 [DEBUG] [org.gradle.cache.internal.DefaultFileLockManager] Waiting to acquire shared lock on daemon addresses registry.
2026-03-15T10:24:18.815+0100 [DEBUG] [org.gradle.cache.internal.DefaultFileLockManager] Lock acquired on daemon addresses registry.
2026-03-15T10:24:18.816+0100 [DEBUG] [org.gradle.cache.internal.DefaultFileLockManager] Releasing lock on daemon addresses registry.
2026-03-15T10:24:18.817+0100 [DEBUG] [org.gradle.cache.internal.DefaultFileLockManager] Waiting to acquire shared lock on daemon addresses registry.
2026-03-15T10:24:18.818+0100 [DEBUG] [org.gradle.cache.internal.DefaultFileLockManager] Lock acquired on daemon addresses registry.
2026-03-15T10:24:18.818+0100 [DEBUG] [org.gradle.cache.internal.DefaultFileLockManager] Releasing lock on daemon addresses registry.
2026-03-15T10:24:26.010+0100 [DEBUG] [org.gradle.internal.remote.internal.inet.TcpIncomingConnector] Accepted connection from /127.0.0.1:61522 to /127.0.0.1:63332.
2026-03-15T10:24:26.017+0100 [DEBUG] [org.gradle.launcher.daemon.server.SynchronizedDispatchConnection] thread 443: received class org.gradle.launcher.daemon.protocol.StopWhenIdle
2026-03-15T10:24:26.017+0100 [DEBUG] [org.gradle.launcher.daemon.server.DefaultDaemonConnection] thread 443: Received non-IO message from client: StopWhenIdle[id=f47c22bc-700c-4714-b529-3fd38e408a00]
2026-03-15T10:24:26.017+0100 [INFO] [org.gradle.launcher.daemon.server.DefaultIncomingConnectionHandler] Received command: StopWhenIdle[id=f47c22bc-700c-4714-b529-3fd38e408a00].
2026-03-15T10:24:26.017+0100 [DEBUG] [org.gradle.launcher.daemon.server.DefaultIncomingConnectionHandler] Starting executing command: StopWhenIdle[id=f47c22bc-700c-4714-b529-3fd38e408a00] with connection: socket connection from /127.0.0.1:63332 to /127.0.0.1:61522.
2026-03-15T10:24:26.018+0100 [DEBUG] [org.gradle.launcher.daemon.server.DaemonRegistryUpdater] Storing daemon stop event: stop command received
2026-03-15T10:24:26.018+0100 [DEBUG] [org.gradle.launcher.daemon.registry.PersistentDaemonRegistry] Storing daemon stop event with timestamp 1773566666018
2026-03-15T10:24:26.020+0100 [DEBUG] [org.gradle.cache.internal.DefaultFileLockManager] Waiting to acquire exclusive lock on daemon addresses registry.
2026-03-15T10:24:26.021+0100 [DEBUG] [org.gradle.cache.internal.DefaultFileLockManager] Lock acquired on daemon addresses registry.
2026-03-15T10:24:26.022+0100 [DEBUG] [org.gradle.cache.internal.DefaultFileLockManager] Releasing lock on daemon addresses registry.
2026-03-15T10:24:26.023+0100 [LIFECYCLE] [org.gradle.launcher.daemon.server.DaemonStateCoordinator] Daemon will be stopped at the end of the build stop command received
2026-03-15T10:24:26.023+0100 [DEBUG] [org.gradle.launcher.daemon.server.DaemonStateCoordinator] Marking daemon stopped due to stop command received. The daemon is not running a build
2026-03-15T10:24:26.023+0100 [DEBUG] [org.gradle.launcher.daemon.server.DaemonStateCoordinator] daemon has stopped.
2026-03-15T10:24:26.023+0100 [DEBUG] [org.gradle.launcher.daemon.server.SynchronizedDispatchConnection] thread 442: dispatching Success[value=null]
2026-03-15T10:24:26.024+0100 [DEBUG] [org.gradle.launcher.daemon.server.DefaultIncomingConnectionHandler] Finishing executing command: StopWhenIdle[id=f47c22bc-700c-4714-b529-3fd38e408a00]
2026-03-15T10:24:26.024+0100 [DEBUG] [org.gradle.launcher.daemon.server.Daemon] stop() called on daemon
2026-03-15T10:24:26.024+0100 [DEBUG] [org.gradle.launcher.daemon.server.SynchronizedDispatchConnection] thread 443: received class org.gradle.launcher.daemon.protocol.Finished
2026-03-15T10:24:26.025+0100 [INFO] [org.gradle.launcher.daemon.server.Daemon] Stop requested. Daemon is removing its presence from the registry...
2026-03-15T10:24:26.025+0100 [DEBUG] [org.gradle.launcher.daemon.server.DefaultDaemonConnection] thread 443: Received non-IO message from client: org.gradle.launcher.daemon.protocol.Finished@6ae921f7
2026-03-15T10:24:26.025+0100 [DEBUG] [org.gradle.launcher.daemon.server.DaemonRegistryUpdater] Removing our presence to clients, eg. removing this address from the registry: [49d457db-9532-498e-915f-7dbda45419b4 port:63332, addresses:[localhost/127.0.0.1]]
2026-03-15T10:24:26.025+0100 [DEBUG] [org.gradle.internal.remote.internal.inet.SocketConnection] Discarding EOFException: java.io.EOFException
2026-03-15T10:24:26.025+0100 [DEBUG] [org.gradle.launcher.daemon.registry.PersistentDaemonRegistry] Removing daemon address: [49d457db-9532-498e-915f-7dbda45419b4 port:63332, addresses:[localhost/127.0.0.1]]
2026-03-15T10:24:26.025+0100 [DEBUG] [org.gradle.launcher.daemon.server.DefaultIncomingConnectionHandler] Received finished message: org.gradle.launcher.daemon.protocol.Finished@6ae921f7
2026-03-15T10:24:26.025+0100 [DEBUG] [org.gradle.launcher.daemon.server.SynchronizedDispatchConnection] thread 443: received null
2026-03-15T10:24:26.026+0100 [DEBUG] [org.gradle.launcher.daemon.server.SynchronizedDispatchConnection] thread 442: stopping connection
2026-03-15T10:24:26.026+0100 [DEBUG] [org.gradle.launcher.daemon.server.DefaultDaemonConnection] thread 443: Received end-of-input from client.
2026-03-15T10:24:26.026+0100 [DEBUG] [org.gradle.launcher.daemon.server.SynchronizedDispatchConnection] thread 442: stopping connection
2026-03-15T10:24:26.027+0100 [DEBUG] [org.gradle.cache.internal.DefaultFileLockManager] Waiting to acquire exclusive lock on daemon addresses registry.
2026-03-15T10:24:26.027+0100 [DEBUG] [org.gradle.cache.internal.DefaultFileLockManager] Lock acquired on daemon addresses registry.
2026-03-15T10:24:26.029+0100 [DEBUG] [org.gradle.cache.internal.DefaultFileLockManager] Releasing lock on daemon addresses registry.
2026-03-15T10:24:26.029+0100 [DEBUG] [org.gradle.launcher.daemon.server.DaemonRegistryUpdater] Address removed from registry.
2026-03-15T10:24:26.032+0100 [DEBUG] [org.gradle.cache.internal.LockOnDemandCrossProcessCacheAccess] Releasing file lock for jars (C:\Users\vafeh\Documents\Nueva carpeta\Nueva carpeta\UnicowebFunciona150326\caches\jars-9)
2026-03-15T10:24:26.032+0100 [DEBUG] [org.gradle.cache.internal.DefaultFileLockManager] Releasing lock on jars (C:\Users\vafeh\Documents\Nueva carpeta\Nueva carpeta\UnicowebFunciona150326\caches\jars-9).
2026-03-15T10:24:26.033+0100 [DEBUG] [org.gradle.cache.internal.DefaultCacheCleanupExecutor] jars (C:\Users\vafeh\Documents\Nueva carpeta\Nueva carpeta\UnicowebFunciona150326\caches\jars-9) has last been fully cleaned up 0 hours ago
2026-03-15T10:24:26.033+0100 [DEBUG] [org.gradle.cache.internal.DefaultCacheCleanupExecutor] Skipping cleanup for jars (C:\Users\vafeh\Documents\Nueva carpeta\Nueva carpeta\UnicowebFunciona150326\caches\jars-9) as it is not yet due
2026-03-15T10:24:26.034+0100 [DEBUG] [org.gradle.cache.internal.LockOnDemandCrossProcessCacheAccess] Releasing file lock for file content cache (C:\Users\vafeh\Documents\Nueva carpeta\Nueva carpeta\UnicowebFunciona150326\caches\9.0-milestone-1\fileContent)
2026-03-15T10:24:26.034+0100 [DEBUG] [org.gradle.cache.internal.DefaultFileLockManager] Releasing lock on file content cache (C:\Users\vafeh\Documents\Nueva carpeta\Nueva carpeta\UnicowebFunciona150326\caches\9.0-milestone-1\fileContent).
2026-03-15T10:24:26.035+0100 [DEBUG] [org.gradle.internal.watch.vfs.impl.WatchingVirtualFileSystem] Closing VFS, dropping state
2026-03-15T10:24:26.036+0100 [DEBUG] [org.gradle.cache.internal.LockOnDemandCrossProcessCacheAccess] Releasing file lock for Generated Gradle JARs cache (C:\Users\vafeh\Documents\Nueva carpeta\Nueva carpeta\UnicowebFunciona150326\caches\9.0-milestone-1\generated-gradle-jars)
2026-03-15T10:24:26.036+0100 [DEBUG] [org.gradle.internal.watch.registry.impl.DefaultFileWatcherRegistry] Finished listening to file system change events
2026-03-15T10:24:26.037+0100 [DEBUG] [org.gradle.cache.internal.DefaultFileLockManager] Releasing lock on Generated Gradle JARs cache (C:\Users\vafeh\Documents\Nueva carpeta\Nueva carpeta\UnicowebFunciona150326\caches\9.0-milestone-1\generated-gradle-jars).
2026-03-15T10:24:26.037+0100 [DEBUG] [org.gradle.cache.internal.LockOnDemandCrossProcessCacheAccess] Releasing file lock for artifact cache (C:\Users\vafeh\Documents\Nueva carpeta\Nueva carpeta\UnicowebFunciona150326\caches\modules-2)
2026-03-15T10:24:26.038+0100 [DEBUG] [org.gradle.cache.internal.btree.BTreePersistentIndexedCache] Closing cache module-artifact.bin (C:\Users\vafeh\Documents\Nueva carpeta\Nueva carpeta\UnicowebFunciona150326\caches\modules-2\metadata-2.107\module-artifact.bin)
2026-03-15T10:24:26.038+0100 [DEBUG] [org.gradle.cache.internal.btree.BTreePersistentIndexedCache] Closing cache module-metadata.bin (C:\Users\vafeh\Documents\Nueva carpeta\Nueva carpeta\UnicowebFunciona150326\caches\modules-2\metadata-2.107\module-metadata.bin)
2026-03-15T10:24:26.038+0100 [DEBUG] [org.gradle.cache.internal.btree.BTreePersistentIndexedCache] Closing cache module-artifacts.bin (C:\Users\vafeh\Documents\Nueva carpeta\Nueva carpeta\UnicowebFunciona150326\caches\modules-2\metadata-2.107\module-artifacts.bin)
2026-03-15T10:24:26.038+0100 [DEBUG] [org.gradle.cache.internal.DefaultFileLockManager] Releasing lock on artifact cache (C:\Users\vafeh\Documents\Nueva carpeta\Nueva carpeta\UnicowebFunciona150326\caches\modules-2).
2026-03-15T10:24:26.039+0100 [DEBUG] [org.gradle.cache.internal.DefaultCacheCleanupExecutor] artifact cache (C:\Users\vafeh\Documents\Nueva carpeta\Nueva carpeta\UnicowebFunciona150326\caches\modules-2) has last been fully cleaned up 0 hours ago
2026-03-15T10:24:26.039+0100 [DEBUG] [org.gradle.cache.internal.DefaultCacheCleanupExecutor] Skipping cleanup for artifact cache (C:\Users\vafeh\Documents\Nueva carpeta\Nueva carpeta\UnicowebFunciona150326\caches\modules-2) as it is not yet due
2026-03-15T10:24:26.039+0100 [DEBUG] [org.gradle.cache.internal.DefaultCacheCleanupExecutor] groovy-dsl (C:\Users\vafeh\Documents\Nueva carpeta\Nueva carpeta\UnicowebFunciona150326\caches\9.0-milestone-1\groovy-dsl) has last been fully cleaned up 0 hours ago
2026-03-15T10:24:26.039+0100 [DEBUG] [org.gradle.cache.internal.DefaultCacheCleanupExecutor] Skipping cleanup for groovy-dsl (C:\Users\vafeh\Documents\Nueva carpeta\Nueva carpeta\UnicowebFunciona150326\caches\9.0-milestone-1\groovy-dsl) as it is not yet due
2026-03-15T10:24:26.039+0100 [DEBUG] [org.gradle.cache.internal.DefaultCacheCoordinator] Cache groovy-dsl (C:\Users\vafeh\Documents\Nueva carpeta\Nueva carpeta\UnicowebFunciona150326\caches\9.0-milestone-1\groovy-dsl) was closed 0 times.
2026-03-15T10:24:26.040+0100 [DEBUG] [org.gradle.cache.internal.DefaultCacheCleanupExecutor] Artifact transforms cache (C:\Users\vafeh\Documents\Nueva carpeta\Nueva carpeta\UnicowebFunciona150326\caches\9.0-milestone-1\transforms) has last been fully cleaned up 0 hours ago
2026-03-15T10:24:26.040+0100 [DEBUG] [org.gradle.cache.internal.DefaultCacheCleanupExecutor] Skipping cleanup for Artifact transforms cache (C:\Users\vafeh\Documents\Nueva carpeta\Nueva carpeta\UnicowebFunciona150326\caches\9.0-milestone-1\transforms) as it is not yet due
2026-03-15T10:24:26.040+0100 [DEBUG] [org.gradle.cache.internal.DefaultCacheCoordinator] Cache Artifact transforms cache (C:\Users\vafeh\Documents\Nueva carpeta\Nueva carpeta\UnicowebFunciona150326\caches\9.0-milestone-1\transforms) was closed 0 times.
2026-03-15T10:24:26.040+0100 [DEBUG] [org.gradle.cache.internal.DefaultCacheCleanupExecutor] kotlin-dsl (C:\Users\vafeh\Documents\Nueva carpeta\Nueva carpeta\UnicowebFunciona150326\caches\9.0-milestone-1\kotlin-dsl) has last been fully cleaned up 0 hours ago
2026-03-15T10:24:26.040+0100 [DEBUG] [org.gradle.cache.internal.DefaultCacheCleanupExecutor] Skipping cleanup for kotlin-dsl (C:\Users\vafeh\Documents\Nueva carpeta\Nueva carpeta\UnicowebFunciona150326\caches\9.0-milestone-1\kotlin-dsl) as it is not yet due
2026-03-15T10:24:26.040+0100 [DEBUG] [org.gradle.cache.internal.DefaultCacheCoordinator] Cache kotlin-dsl (C:\Users\vafeh\Documents\Nueva carpeta\Nueva carpeta\UnicowebFunciona150326\caches\9.0-milestone-1\kotlin-dsl) was closed 0 times.
2026-03-15T10:24:26.041+0100 [DEBUG] [org.gradle.cache.internal.LockOnDemandCrossProcessCacheAccess] Releasing file lock for journal cache (C:\Users\vafeh\Documents\Nueva carpeta\Nueva carpeta\UnicowebFunciona150326\caches\journal-1)
2026-03-15T10:24:26.041+0100 [DEBUG] [org.gradle.cache.internal.btree.BTreePersistentIndexedCache] Closing cache file-access.bin (C:\Users\vafeh\Documents\Nueva carpeta\Nueva carpeta\UnicowebFunciona150326\caches\journal-1\file-access.bin)
2026-03-15T10:24:26.041+0100 [DEBUG] [org.gradle.cache.internal.DefaultFileLockManager] Releasing lock on journal cache (C:\Users\vafeh\Documents\Nueva carpeta\Nueva carpeta\UnicowebFunciona150326\caches\journal-1).
2026-03-15T10:24:26.042+0100 [DEBUG] [org.gradle.cache.internal.LockOnDemandCrossProcessCacheAccess] Releasing file lock for file hash cache (C:\Users\vafeh\Documents\Nueva carpeta\Nueva carpeta\UnicowebFunciona150326\caches\9.0-milestone-1\fileHashes)
2026-03-15T10:24:26.042+0100 [DEBUG] [org.gradle.cache.internal.btree.BTreePersistentIndexedCache] Closing cache fileHashes.bin (C:\Users\vafeh\Documents\Nueva carpeta\Nueva carpeta\UnicowebFunciona150326\caches\9.0-milestone-1\fileHashes\fileHashes.bin)
2026-03-15T10:24:26.043+0100 [DEBUG] [org.gradle.cache.internal.btree.BTreePersistentIndexedCache] Closing cache resourceHashesCache.bin (C:\Users\vafeh\Documents\Nueva carpeta\Nueva carpeta\UnicowebFunciona150326\caches\9.0-milestone-1\fileHashes\resourceHashesCache.bin)
2026-03-15T10:24:26.043+0100 [DEBUG] [org.gradle.cache.internal.DefaultFileLockManager] Releasing lock on file hash cache (C:\Users\vafeh\Documents\Nueva carpeta\Nueva carpeta\UnicowebFunciona150326\caches\9.0-milestone-1\fileHashes).
2026-03-15T10:24:26.046+0100 [DEBUG] [org.gradle.internal.operations.DefaultBuildOperationRunner] Build operation 'Deleting unused version-specific caches in C:\Users\vafeh\Documents\Nueva carpeta\Nueva carpeta\UnicowebFunciona150326\caches' started
2026-03-15T10:24:26.047+0100 [DEBUG] [org.gradle.internal.operations.DefaultBuildOperationRunner] Completing Build operation 'Deleting unused version-specific caches in C:\Users\vafeh\Documents\Nueva carpeta\Nueva carpeta\UnicowebFunciona150326\caches'
2026-03-15T10:24:26.047+0100 [DEBUG] [org.gradle.internal.operations.DefaultBuildOperationRunner] Build operation 'Deleting unused version-specific caches in C:\Users\vafeh\Documents\Nueva carpeta\Nueva carpeta\UnicowebFunciona150326\caches' completed
2026-03-15T10:24:26.049+0100 [DEBUG] [org.gradle.launcher.daemon.server.Daemon] stop() called on daemon
2026-03-15T10:24:26.049+0100 [INFO] [org.gradle.launcher.daemon.server.Daemon] Stop requested. Daemon is removing its presence from the registry...
2026-03-15T10:24:26.049+0100 [DEBUG] [org.gradle.launcher.daemon.server.DaemonRegistryUpdater] Removing our presence to clients, eg. removing this address from the registry: [49d457db-9532-498e-915f-7dbda45419b4 port:63332, addresses:[localhost/127.0.0.1]]
2026-03-15T10:24:26.049+0100 [DEBUG] [org.gradle.launcher.daemon.registry.PersistentDaemonRegistry] Removing daemon address: [49d457db-9532-498e-915f-7dbda45419b4 port:63332, addresses:[localhost/127.0.0.1]]
2026-03-15T10:24:26.052+0100 [DEBUG] [org.gradle.cache.internal.DefaultFileLockManager] Waiting to acquire exclusive lock on daemon addresses registry.
2026-03-15T10:24:26.052+0100 [DEBUG] [org.gradle.cache.internal.DefaultFileLockManager] Lock acquired on daemon addresses registry.
2026-03-15T10:24:26.054+0100 [DEBUG] [org.gradle.cache.internal.DefaultFileLockManager] Releasing lock on daemon addresses registry.
2026-03-15T10:24:26.055+0100 [DEBUG] [org.gradle.launcher.daemon.server.DaemonRegistryUpdater] Address removed from registry.
2026-03-15T10:24:26.058+0100 [DEBUG] [org.gradle.cache.internal.locklistener.DefaultFileLockContentionHandler] File lock listener thread completed.
2026-03-15T10:24:26.061+0100 [DEBUG] [java.lang.Runtime] Runtime.exit() called with status: 0
java.lang.Throwable: Runtime.exit(0)
	at java.base/java.lang.Shutdown.logRuntimeExit(Unknown Source)
	at java.base/java.lang.Shutdown.exit(Unknown Source)
	at java.base/java.lang.Runtime.exit(Unknown Source)
	at java.base/java.lang.System.exit(Unknown Source)
	at org.gradle.launcher.bootstrap.ProcessCompleter.complete(ProcessCompleter.java:21)
	at org.gradle.launcher.bootstrap.EntryPoint.run(EntryPoint.java:61)
	at java.base/jdk.internal.reflect.DirectMethodHandleAccessor.invoke(Unknown Source)
	at java.base/java.lang.reflect.Method.invoke(Unknown Source)
	at org.gradle.launcher.bootstrap.ProcessBootstrap.runNoExit(ProcessBootstrap.java:72)
	at org.gradle.launcher.bootstrap.ProcessBootstrap.run(ProcessBootstrap.java:39)
	at org.gradle.launcher.daemon.bootstrap.GradleDaemon.main(GradleDaemon.java:22)
Daemon vm is shutting down... The daemon has exited normally or was terminated in response to a user interrupt.
2026-03-15T10:24:26.063+0100 [DEBUG] [org.gradle.launcher.daemon.registry.PersistentDaemonRegistry] Removing daemon address: [49d457db-9532-498e-915f-7dbda45419b4 port:63332, addresses:[localhost/127.0.0.1]]
2026-03-15T10:24:26.064+0100 [DEBUG] [org.gradle.launcher.daemon.server.Daemon] VM shutdown hook was unable to remove the daemon address from the registry. It will be cleaned up later.
java.lang.IllegalStateException: Cannot start managing file contention because this handler has been closed.
	at org.gradle.cache.internal.locklistener.DefaultFileLockContentionHandler.assertNotStopped(DefaultFileLockContentionHandler.java:248)
	at org.gradle.cache.internal.locklistener.DefaultFileLockContentionHandler.reservePort(DefaultFileLockContentionHandler.java:286)
	at org.gradle.cache.internal.DefaultFileLockManager.lock(DefaultFileLockManager.java:124)
	at org.gradle.cache.internal.DefaultFileLockManager.lock(DefaultFileLockManager.java:106)
	at org.gradle.cache.internal.DefaultFileLockManager.lock(DefaultFileLockManager.java:101)
	at org.gradle.cache.internal.OnDemandFileAccess.updateFile(OnDemandFileAccess.java:51)
	at org.gradle.cache.internal.FileBackedObjectHolder.update(FileBackedObjectHolder.java:77)
	at org.gradle.cache.internal.FileIntegrityViolationSuppressingObjectHolderDecorator.lambda$update$0(FileIntegrityViolationSuppressingObjectHolderDecorator.java:48)
	at org.gradle.cache.internal.FileIntegrityViolationSuppressingObjectHolderDecorator.doUpdate(FileIntegrityViolationSuppressingObjectHolderDecorator.java:58)
	at org.gradle.cache.internal.FileIntegrityViolationSuppressingObjectHolderDecorator.update(FileIntegrityViolationSuppressingObjectHolderDecorator.java:48)
	at org.gradle.launcher.daemon.registry.PersistentDaemonRegistry.remove(PersistentDaemonRegistry.java:133)
	at org.gradle.launcher.daemon.server.Daemon$1.run(Daemon.java:133)
	at java.base/java.lang.Thread.run(Unknown Source)
